Algorithm,MapID,Seed,Path_Length,Visited,Success,Hesitations,Time_ms,Path_Risk_Score
ZEN,5,12350,59,559,1,0,8.703732999947533,459.0
A*,5,12350,59,559,1,0,2.3645780001970707,841.0
Weighted A*,5,12350,59,59,1,0,0.45621400022355374,841.0
Chance-Constrained A*,5,12350,0,3601,0,0,40.57859200020175,0.0
CVaR A*,5,12350,0,3601,0,0,38.64745800001401,0.0
Risk-Penalized A*,5,12350,59,636,1,0,3.9661840000917437,411.0
Risk-Penalized Dijkstra,5,12350,59,646,1,0,4.137230000196723,411.0
Risk-Penalized Greedy,5,12350,65,92,1,0,0.5062159998487914,468.0
REST A*,5,12350,59,536,1,0,4.977938000138238,411.0
BFS,5,12350,59,647,1,0,1.8394920002720028,783.0
DFS,5,12350,183,530,1,0,1.1799170001722814,1634.0
Dijkstra,5,12350,59,647,1,0,2.8352700001050835,841.0
Greedy,5,12350,59,59,1,0,0.24920999976529856,841.0
ZEN,7,12352,59,466,1,0,19.143365000218182,348.0
A*,7,12352,59,541,1,0,2.6465949999874283,824.0
Weighted A*,7,12352,59,59,1,0,0.3418510000301467,824.0
Chance-Constrained A*,7,12352,0,3601,0,0,58.797147999939625,0.0
CVaR A*,7,12352,0,3601,0,0,37.688883999635436,0.0
Risk-Penalized A*,7,12352,59,649,1,0,4.044341999815515,341.0
Risk-Penalized Dijkstra,7,12352,59,650,1,0,3.076379000049201,341.0
Risk-Penalized Greedy,7,12352,61,69,1,0,0.4417400000420457,359.0
REST A*,7,12352,59,429,1,0,4.319237999879988,341.0
BFS,7,12352,59,668,1,0,1.7599060001884936,759.0
DFS,7,12352,207,459,1,0,0.8386549998249393,1874.0
Dijkstra,7,12352,59,668,1,0,2.96745000014198,824.0
Greedy,7,12352,59,59,1,0,0.3928920000362268,824.0
ZEN,3,12348,59,607,1,0,12.194377000014356,493.0
A*,3,12348,59,631,1,0,6.100042000070971,744.0
Weighted A*,3,12348,59,59,1,0,0.3364280000823783,744.0
Chance-Constrained A*,3,12348,0,3601,0,0,94.81875199981005,0.0
CVaR A*,3,12348,0,3601,0,0,39.524622000044474,0.0
Risk-Penalized A*,3,12348,59,676,1,0,5.8748920000653015,400.0
Risk-Penalized Dijkstra,3,12348,59,679,1,0,3.3772649999264104,400.0
Risk-Penalized Greedy,3,12348,65,78,1,0,0.5584670002463099,424.0
REST A*,3,12348,61,634,1,0,5.929394999839133,426.0
BFS,3,12348,59,682,1,0,1.888005000182602,742.0
DFS,3,12348,239,602,1,0,1.2176349996479985,1918.0
Dijkstra,3,12348,59,682,1,0,3.4566829999675974,744.0
Greedy,3,12348,59,59,1,0,0.37293699961082893,744.0
ZEN,8,12353,59,586,1,0,4.452223000043887,392.0
A*,8,12353,59,597,1,0,2.9606639996018203,778.0
Weighted A*,8,12353,59,59,1,0,0.35320200004207436,778.0
Chance-Constrained A*,8,12353,0,3601,0,0,34.8063460000958,0.0
CVaR A*,8,12353,0,3601,0,0,39.70071599997027,0.0
Risk-Penalized A*,8,12353,59,663,1,0,3.905306999968161,392.0
Risk-Penalized Dijkstra,8,12353,59,665,1,0,3.3371670001542952,392.0
Risk-Penalized Greedy,8,12353,69,77,1,0,0.44588799983102945,468.0
REST A*,8,12353,59,619,1,0,5.448689999866474,401.0
BFS,8,12353,59,667,1,0,1.735978999931831,818.0
DFS,8,12353,247,498,1,0,0.9739809997881821,2199.0
Dijkstra,8,12353,59,667,1,0,2.9538180001509318,778.0
Greedy,8,12353,59,59,1,0,0.31842999987929943,778.0
ZEN,4,12349,59,598,1,0,33.720244000051025,323.0
A*,4,12349,59,602,1,0,13.522724000267772,786.0
Weighted A*,4,12349,59,59,1,0,0.40496799965694663,786.0
Chance-Constrained A*,4,12349,0,3601,0,0,64.081213999998,0.0
CVaR A*,4,12349,0,3601,0,0,53.758726000069146,0.0
Risk-Penalized A*,4,12349,59,616,1,0,8.88490199986336,322.0
Risk-Penalized Dijkstra,4,12349,59,650,1,0,6.383717000062461,322.0
Risk-Penalized Greedy,4,12349,63,73,1,0,0.4978500001016073,357.0
REST A*,4,12349,59,459,1,0,9.176604999993287,322.0
BFS,4,12349,59,661,1,0,4.698593999819423,721.0
DFS,4,12349,193,644,1,0,1.5452930001629284,1635.0
Dijkstra,4,12349,59,661,1,0,6.816705999881378,786.0
Greedy,4,12349,59,59,1,0,0.2945410001302662,786.0
ZEN,6,12351,59,549,1,0,32.51063800007614,415.0
A*,6,12351,59,549,1,0,15.190908000022318,786.0
Weighted A*,6,12351,59,59,1,0,0.38312500009851647,786.0
Chance-Constrained A*,6,12351,0,3601,0,0,114.37554600024669,0.0
CVaR A*,6,12351,0,3601,0,0,64.99075100009577,0.0
Risk-Penalized A*,6,12351,59,670,1,0,3.4329959999013226,412.0
Risk-Penalized Dijkstra,6,12351,59,670,1,0,3.3858249998957035,412.0
Risk-Penalized Greedy,6,12351,59,63,1,0,0.4118840001865465,418.0
REST A*,6,12351,59,596,1,0,6.022991000008915,412.0
BFS,6,12351,59,670,1,0,1.5642270000171266,755.0
DFS,6,12351,231,499,1,0,0.8678129997861106,1965.0
Dijkstra,6,12351,59,670,1,0,2.590455999779806,786.0
Greedy,6,12351,59,59,1,0,0.30784899990976555,786.0
ZEN,2,12347,59,525,1,0,12.040190999869083,368.0
A*,2,12347,59,564,1,0,5.5721799999446375,780.0
Weighted A*,2,12347,59,59,1,0,0.2834669999174366,780.0
Chance-Constrained A*,2,12347,0,3601,0,0,126.85617999977694,0.0
CVaR A*,2,12347,0,3601,0,0,92.96919200005505,0.0
Risk-Penalized A*,2,12347,59,641,1,0,11.409052000090014,363.0
Risk-Penalized Dijkstra,2,12347,59,655,1,0,6.449518999943393,363.0
Risk-Penalized Greedy,2,12347,61,68,1,0,0.3568269999050244,383.0
REST A*,2,12347,59,384,1,0,12.052588000187825,363.0
BFS,2,12347,59,662,1,0,4.692313000305148,829.0
DFS,2,12347,215,620,1,0,1.4780360002077941,1913.0
Dijkstra,2,12347,59,662,1,0,7.266152999818587,780.0
Greedy,2,12347,59,59,1,0,0.30394400027944357,780.0
ZEN,10,12355,59,481,1,0,3.6040059999322693,380.0
A*,10,12355,59,578,1,0,2.9624419998981466,787.0
Weighted A*,10,12355,59,59,1,0,0.37348699970607413,787.0
Chance-Constrained A*,10,12355,0,3601,0,0,37.378101000285824,0.0
CVaR A*,10,12355,0,3601,0,0,38.296951000120316,0.0
Risk-Penalized A*,10,12355,59,666,1,0,3.9566219998050656,363.0
Risk-Penalized Dijkstra,10,12355,59,673,1,0,3.3299249998890446,363.0
Risk-Penalized Greedy,10,12355,69,85,1,0,0.492833999942377,489.0
REST A*,10,12355,59,522,1,0,5.288680999910866,363.0
BFS,10,12355,59,678,1,0,1.7021099997691636,746.0
DFS,10,12355,189,512,1,0,0.9603819999028929,1653.0
Dijkstra,10,12355,59,678,1,0,2.818263999870396,787.0
Greedy,10,12355,59,59,1,0,0.31446300044990494,787.0
ZEN,1,12346,59,551,1,0,13.476799999807554,371.0
A*,1,12346,59,554,1,0,19.53490599998986,775.0
Weighted A*,1,12346,59,59,1,0,0.34014400034720893,775.0
Chance-Constrained A*,1,12346,0,3601,0,0,139.03985799970542,0.0
CVaR A*,1,12346,0,3601,0,0,104.147815000033,0.0
Risk-Penalized A*,1,12346,59,638,1,0,3.435788000388129,371.0
Risk-Penalized Dijkstra,1,12346,59,643,1,0,6.440262000069197,371.0
Risk-Penalized Greedy,1,12346,59,73,1,0,0.39946800006873673,403.0
REST A*,1,12346,59,580,1,0,5.585971000073187,371.0
BFS,1,12346,59,659,1,0,1.7083460002140782,787.0
DFS,1,12346,239,605,1,0,1.2445630000001984,1961.0
Dijkstra,1,12346,59,659,1,0,3.8695260000167764,775.0
Greedy,1,12346,59,59,1,0,2.8008089998365904,775.0
ZEN,9,12354,59,540,1,0,3.9038840000102937,418.0
A*,9,12354,59,558,1,0,2.6736820000223815,791.0
Weighted A*,9,12354,59,59,1,0,0.33230899998670793,791.0
Chance-Constrained A*,9,12354,0,3601,0,0,36.49849300018104,0.0
CVaR A*,9,12354,0,3601,0,0,82.90655700011484,0.0
Risk-Penalized A*,9,12354,63,669,1,0,3.840469999886409,391.0
Risk-Penalized Dijkstra,9,12354,63,669,1,0,3.4889630001089245,391.0
Risk-Penalized Greedy,9,12354,71,89,1,0,0.5931040000177745,501.0
REST A*,9,12354,59,633,1,0,5.97692300016206,423.0
BFS,9,12354,59,669,1,0,1.8707569997786777,776.0
DFS,9,12354,231,599,1,0,1.075788999969518,1971.0
Dijkstra,9,12354,59,669,1,0,2.7389169999878504,791.0
Greedy,9,12354,59,59,1,0,0.22147500021674205,791.0
ZEN,12,12357,59,501,1,0,5.660831999648508,427.0
A*,12,12357,59,501,1,0,2.4070899999060202,802.0
Weighted A*,12,12357,59,59,1,0,0.9090949997698772,802.0
Chance-Constrained A*,12,12357,0,3601,0,0,40.576094999778434,0.0
CVaR A*,12,12357,0,3601,0,0,62.14756999997917,0.0
Risk-Penalized A*,12,12357,59,646,1,0,3.1106739997994737,409.0
Risk-Penalized Dijkstra,12,12357,59,649,1,0,5.56352000012339,409.0
Risk-Penalized Greedy,12,12357,61,74,1,0,0.5998279998493672,424.0
REST A*,12,12357,59,416,1,0,3.8048700002946134,409.0
BFS,12,12357,59,650,1,0,1.4294919997155375,767.0
DFS,12,12357,211,496,1,0,0.9629669998503232,1978.0
Dijkstra,12,12357,59,650,1,0,2.330866999727732,802.0
Greedy,12,12357,59,59,1,0,0.2667650001058064,802.0
ZEN,16,12361,59,526,1,0,4.017059000034351,328.0
A*,16,12361,59,618,1,0,4.048191000038059,724.0
Weighted A*,16,12361,59,59,1,0,0.37365800017141737,724.0
Chance-Constrained A*,16,12361,0,3601,0,0,53.0898420001904,0.0
CVaR A*,16,12361,0,3601,0,0,57.24732899989249,0.0
Risk-Penalized A*,16,12361,65,671,1,0,5.48927999989246,307.0
Risk-Penalized Dijkstra,16,12361,65,674,1,0,7.04182600020431,307.0
Risk-Penalized Greedy,16,12361,59,70,1,0,0.40800900023896247,351.0
REST A*,16,12361,59,528,1,0,5.163673999959428,318.0
BFS,16,12361,59,674,1,0,7.006909000210726,790.0
DFS,16,12361,237,635,1,0,1.3476930002980225,1890.0
Dijkstra,16,12361,59,674,1,0,3.2367519997933414,724.0
Greedy,16,12361,59,59,1,0,0.29892000020481646,724.0
ZEN,11,12356,59,576,1,0,4.213484000047174,398.0
A*,11,12356,59,576,1,0,2.8063599997949495,753.0
Weighted A*,11,12356,59,59,1,0,0.5647690004479955,753.0
Chance-Constrained A*,11,12356,0,3601,0,0,36.056933000054414,0.0
CVaR A*,11,12356,0,3601,0,0,151.0204179999164,0.0
Risk-Penalized A*,11,12356,59,655,1,0,3.833284999927855,394.0
Risk-Penalized Dijkstra,11,12356,59,664,1,0,4.045912000037788,394.0
Risk-Penalized Greedy,11,12356,63,83,1,0,0.7152909997785173,457.0
REST A*,11,12356,59,521,1,0,7.434274999923218,394.0
BFS,11,12356,59,672,1,0,2.5111559998549637,842.0
DFS,11,12356,179,445,1,0,0.8377870003641874,1670.0
Dijkstra,11,12356,59,672,1,0,2.663059000042267,753.0
Greedy,11,12356,59,59,1,0,0.2206150002166396,753.0
ZEN,14,12359,59,361,1,0,9.645567999996274,401.0
A*,14,12359,59,543,1,0,5.2077619998271985,830.0
Weighted A*,14,12359,59,59,1,0,2.263286000015796,830.0
Chance-Constrained A*,14,12359,0,3601,0,0,94.97395300013523,0.0
CVaR A*,14,12359,0,3601,0,0,56.97690799979682,0.0
Risk-Penalized A*,14,12359,59,614,1,0,7.621291999839741,392.0
Risk-Penalized Dijkstra,14,12359,59,641,1,0,5.599393000011332,392.0
Risk-Penalized Greedy,14,12359,69,101,1,0,0.967019000199798,578.0
REST A*,14,12359,61,421,1,0,5.3077460001986765,396.0
BFS,14,12359,59,647,1,0,1.6902879997360287,767.0
DFS,14,12359,161,342,1,0,1.1866590002682642,1694.0
Dijkstra,14,12359,59,647,1,0,9.553496000080486,830.0
Greedy,14,12359,59,59,1,0,0.2821490002133942,830.0
ZEN,15,12360,59,460,1,0,3.331248999984382,477.0
A*,15,12360,59,538,1,0,2.4813790000735025,795.0
Weighted A*,15,12360,59,59,1,0,0.3753209998649254,795.0
Chance-Constrained A*,15,12360,0,3601,0,0,151.1890280003172,0.0
CVaR A*,15,12360,0,3601,0,0,45.518645999891305,0.0
Risk-Penalized A*,15,12360,61,639,1,0,5.930629999966186,393.0
Risk-Penalized Dijkstra,15,12360,61,651,1,0,3.205565999905957,393.0
Risk-Penalized Greedy,15,12360,63,70,1,0,0.44443800015869783,428.0
REST A*,15,12360,61,503,1,0,5.366767999930744,400.0
BFS,15,12360,59,651,1,0,1.665277000029164,754.0
DFS,15,12360,189,603,1,0,3.6414730002434226,1659.0
Dijkstra,15,12360,59,651,1,0,2.8449999999793363,795.0
Greedy,15,12360,59,59,1,0,0.2844259997800691,795.0
ZEN,20,12365,59,219,1,0,1.552476000142633,754.0
A*,20,12365,59,474,1,0,2.3380689999612514,785.0
Weighted A*,20,12365,59,59,1,0,0.33483600009276415,785.0
Chance-Constrained A*,20,12365,0,3601,0,0,35.25869099985357,0.0
CVaR A*,20,12365,0,3601,0,0,42.00373999992735,0.0
Risk-Penalized A*,20,12365,61,660,1,0,3.25895700007095,430.0
Risk-Penalized Dijkstra,20,12365,61,669,1,0,2.874608000183798,430.0
Risk-Penalized Greedy,20,12365,77,98,1,0,0.5541259997698944,612.0
REST A*,20,12365,61,541,1,0,4.602066000188643,430.0
BFS,20,12365,59,669,1,0,1.7396769999322714,798.0
DFS,20,12365,209,514,1,0,0.9421949998795753,1683.0
Dijkstra,20,12365,59,669,1,0,2.854308000223682,785.0
Greedy,20,12365,59,59,1,0,0.31403999992107856,785.0
ZEN,17,12362,59,555,1,0,6.3850050000837655,370.0
A*,17,12362,59,563,1,0,4.893938999884995,764.0
Weighted A*,17,12362,59,59,1,0,2.3695119998592418,764.0
Chance-Constrained A*,17,12362,0,3601,0,0,57.35072699962984,0.0
CVaR A*,17,12362,0,3601,0,0,170.92154099964318,0.0
Risk-Penalized A*,17,12362,59,669,1,0,5.2130060003037215,368.0
Risk-Penalized Dijkstra,17,12362,59,670,1,0,3.2949239998742996,368.0
Risk-Penalized Greedy,17,12362,65,81,1,0,0.5233370002315496,391.0
REST A*,17,12362,59,497,1,0,4.634640999938711,369.0
BFS,17,12362,59,678,1,0,1.7407290001756337,811.0
DFS,17,12362,199,560,1,0,1.0874569998122752,1777.0
Dijkstra,17,12362,59,678,1,0,2.699864000078378,764.0
Greedy,17,12362,59,59,1,0,0.2870710000024701,764.0
ZEN,18,12363,59,571,1,0,3.594551000333013,399.0
A*,18,12363,59,571,1,0,2.374915000018518,768.0
Weighted A*,18,12363,59,59,1,0,0.2600949997031421,768.0
Chance-Constrained A*,18,12363,0,3601,0,0,51.27023300019573,0.0
CVaR A*,18,12363,0,3601,0,0,154.33074400016267,0.0
Risk-Penalized A*,18,12363,59,655,1,0,7.033568999759154,399.0
Risk-Penalized Dijkstra,18,12363,59,666,1,0,3.423258000111673,399.0
Risk-Penalized Greedy,18,12363,61,80,1,0,0.5173869999453018,422.0
REST A*,18,12363,59,559,1,0,5.681770999672153,399.0
BFS,18,12363,59,666,1,0,1.8433019999974931,766.0
DFS,18,12363,215,590,1,0,1.24746600022263,1657.0
Dijkstra,18,12363,59,666,1,0,2.602721000130259,768.0
Greedy,18,12363,59,59,1,0,0.31020199958220473,768.0
ZEN,13,12358,59,613,1,0,4.475869999623683,412.0
A*,13,12358,59,621,1,0,2.9169449999244534,745.0
Weighted A*,13,12358,59,59,1,0,0.3437750001467066,745.0
Chance-Constrained A*,13,12358,0,3601,0,0,138.0374989998927,0.0
CVaR A*,13,12358,0,3601,0,0,156.18580000000293,0.0
Risk-Penalized A*,13,12358,59,684,1,0,16.927214000133972,404.0
Risk-Penalized Dijkstra,13,12358,59,684,1,0,8.50374500032558,404.0
Risk-Penalized Greedy,13,12358,73,96,1,0,0.6117790003372647,563.0
REST A*,13,12358,59,585,1,0,16.452126999865868,404.0
BFS,13,12358,59,684,1,0,9.87252000004446,799.0
DFS,13,12358,265,588,1,0,1.0897239999394515,2115.0
Dijkstra,13,12358,59,684,1,0,10.037727000053565,745.0
Greedy,13,12358,59,59,1,0,0.305591000142158,745.0
ZEN,22,12367,59,593,1,0,7.02468300005421,429.0
A*,22,12367,59,603,1,0,6.465934000061679,748.0
Weighted A*,22,12367,59,59,1,0,0.3417009997974674,748.0
Chance-Constrained A*,22,12367,0,3601,0,0,47.05267500003174,0.0
CVaR A*,22,12367,0,3601,0,0,49.34051299960629,0.0
Risk-Penalized A*,22,12367,59,678,1,0,3.7660359998881177,429.0
Risk-Penalized Dijkstra,22,12367,59,679,1,0,5.626560000109748,429.0
Risk-Penalized Greedy,22,12367,69,79,1,0,0.5133639997438877,486.0
REST A*,22,12367,59,660,1,0,6.559566999840172,429.0
BFS,22,12367,59,678,1,0,1.8749839996416995,796.0
DFS,22,12367,213,594,1,0,4.325926000092295,1606.0
Dijkstra,22,12367,59,678,1,0,5.333440999947925,748.0
Greedy,22,12367,59,59,1,0,0.31905299965728773,748.0
ZEN,23,12368,59,559,1,0,3.491684999971767,341.0
A*,23,12368,59,579,1,0,6.182575999901019,811.0
Weighted A*,23,12368,59,59,1,0,0.34760900007313467,811.0
Chance-Constrained A*,23,12368,0,3601,0,0,37.726379000105226,0.0
CVaR A*,23,12368,0,3601,0,0,47.7358620000814,0.0
Risk-Penalized A*,23,12368,59,646,1,0,3.407465000236698,336.0
Risk-Penalized Dijkstra,23,12368,59,659,1,0,3.4115079997718567,336.0
Risk-Penalized Greedy,23,12368,69,85,1,0,0.5416349999904924,463.0
REST A*,23,12368,59,508,1,0,5.09891299998344,336.0
BFS,23,12368,59,664,1,0,1.7988419999710459,772.0
DFS,23,12368,211,632,1,0,1.3925600001130078,1811.0
Dijkstra,23,12368,59,664,1,0,2.8796540000257664,811.0
Greedy,23,12368,59,59,1,0,0.3160899996146327,811.0
ZEN,24,12369,59,563,1,0,4.144134999933158,457.0
A*,24,12369,59,567,1,0,2.6864540000133275,782.0
Weighted A*,24,12369,59,59,1,0,0.3259019999859447,782.0
Chance-Constrained A*,24,12369,0,3601,0,0,33.11733800001093,0.0
CVaR A*,24,12369,0,3601,0,0,38.063166000029014,0.0
Risk-Penalized A*,24,12369,63,654,1,0,3.831543000160309,360.0
Risk-Penalized Dijkstra,24,12369,63,665,1,0,2.9849110001123336,360.0
Risk-Penalized Greedy,24,12369,77,87,1,0,0.46903800011932617,505.0
REST A*,24,12369,63,541,1,0,5.320742000094469,360.0
BFS,24,12369,59,666,1,0,1.8076510000355483,784.0
DFS,24,12369,173,477,1,0,0.8349139998244937,1612.0
Dijkstra,24,12369,59,666,1,0,2.9568019999715034,782.0
Greedy,24,12369,59,59,1,0,0.33733500004018424,782.0
ZEN,25,12370,59,509,1,0,3.654608000033477,428.0
A*,25,12370,59,561,1,0,2.8454469997996057,769.0
Weighted A*,25,12370,59,59,1,0,0.34203099994556396,769.0
Chance-Constrained A*,25,12370,0,3601,0,0,41.17631799999799,0.0
CVaR A*,25,12370,0,3601,0,0,52.36908799997764,0.0
Risk-Penalized A*,25,12370,59,656,1,0,14.815284000178508,394.0
Risk-Penalized Dijkstra,25,12370,59,666,1,0,6.601353999940329,394.0
Risk-Penalized Greedy,25,12370,65,90,1,0,4.157308999765519,467.0
REST A*,25,12370,59,590,1,0,9.72553900010098,394.0
BFS,25,12370,59,666,1,0,1.5801409999767202,830.0
DFS,25,12370,265,587,1,0,1.0902030003308028,2361.0
Dijkstra,25,12370,59,666,1,0,5.5166659999486,769.0
Greedy,25,12370,59,59,1,0,1.6745160000937176,769.0
ZEN,29,12374,59,521,1,0,3.798125000230357,388.0
A*,29,12374,59,601,1,0,2.9204590000517783,769.0
Weighted A*,29,12374,59,59,1,0,0.32826500000737724,769.0
Chance-Constrained A*,29,12374,0,3601,0,0,31.79264000027615,0.0
CVaR A*,29,12374,0,3601,0,0,40.97036699977252,0.0
Risk-Penalized A*,29,12374,61,676,1,0,4.017365999970934,377.0
Risk-Penalized Dijkstra,29,12374,61,676,1,0,3.465650000180176,377.0
Risk-Penalized Greedy,29,12374,75,88,1,0,0.5610520001937402,446.0
REST A*,29,12374,59,572,1,0,5.649091999657685,382.0
BFS,29,12374,59,676,1,0,1.9411260000197217,754.0
DFS,29,12374,177,339,1,0,0.586317999932362,1640.0
Dijkstra,29,12374,59,676,1,0,2.811045000271406,769.0
Greedy,29,12374,59,59,1,0,0.28500200005510123,769.0
ZEN,28,12373,59,546,1,0,4.154455999923812,422.0
A*,28,12373,59,546,1,0,5.642617999910726,807.0
Weighted A*,28,12373,59,59,1,0,0.4299829997762572,807.0
Chance-Constrained A*,28,12373,0,3601,0,0,52.72880199981955,0.0
CVaR A*,28,12373,0,3601,0,0,37.252222999995865,0.0
Risk-Penalized A*,28,12373,59,659,1,0,3.7640190003003227,403.0
Risk-Penalized Dijkstra,28,12373,59,660,1,0,3.4863969999605615,403.0
Risk-Penalized Greedy,28,12373,75,91,1,0,0.5452079999486159,611.0
REST A*,28,12373,59,522,1,0,5.142895000062708,403.0
BFS,28,12373,59,660,1,0,1.757126999564207,779.0
DFS,28,12373,221,580,1,0,2.3672199999964505,1873.0
Dijkstra,28,12373,59,660,1,0,3.533086000061303,807.0
Greedy,28,12373,59,59,1,0,0.3069680001317465,807.0
ZEN,27,12372,59,407,1,0,2.9683120001209318,384.0
A*,27,12372,59,605,1,0,5.1418550001471885,789.0
Weighted A*,27,12372,59,59,1,0,0.37256299992805,789.0
Chance-Constrained A*,27,12372,0,3601,0,0,44.21939399981056,0.0
CVaR A*,27,12372,0,3601,0,0,64.16890900027283,0.0
Risk-Penalized A*,27,12372,59,673,1,0,3.9661490000071353,374.0
Risk-Penalized Dijkstra,27,12372,59,676,1,0,3.3045630002561666,374.0
Risk-Penalized Greedy,27,12372,59,70,1,0,0.391942999613093,380.0
REST A*,27,12372,59,550,1,0,4.709566999736126,374.0
BFS,27,12372,59,676,1,0,1.642261000142753,802.0
DFS,27,12372,187,631,1,0,1.3932839997323754,1531.0
Dijkstra,27,12372,59,676,1,0,2.2975250003582914,789.0
Greedy,27,12372,59,59,1,0,0.2559909999035881,789.0
ZEN,31,12376,59,505,1,0,3.9302129998759483,443.0
A*,31,12376,59,507,1,0,2.460495999912382,774.0
Weighted A*,31,12376,59,59,1,0,0.3030099996976787,774.0
Chance-Constrained A*,31,12376,0,3601,0,0,44.35083799990025,0.0
CVaR A*,31,12376,0,3601,0,0,41.863441999794304,0.0
Risk-Penalized A*,31,12376,59,653,1,0,4.033612000057474,436.0
Risk-Penalized Dijkstra,31,12376,59,653,1,0,3.1576450001011835,436.0
Risk-Penalized Greedy,31,12376,65,77,1,0,0.44826699968325556,490.0
REST A*,31,12376,59,498,1,0,4.757119999794668,436.0
BFS,31,12376,59,653,1,0,1.7787349997888668,769.0
DFS,31,12376,161,624,1,0,1.7444770001020515,1408.0
Dijkstra,31,12376,59,653,1,0,3.0197309997674893,774.0
Greedy,31,12376,59,59,1,0,0.33392199975423864,774.0
ZEN,19,12364,59,591,1,0,4.737249999834603,361.0
A*,19,12364,59,592,1,0,4.153908000262163,763.0
Weighted A*,19,12364,59,59,1,0,0.45192499965196475,763.0
Chance-Constrained A*,19,12364,0,3601,0,0,57.99353800011886,0.0
CVaR A*,19,12364,0,3601,0,0,336.09894699975484,0.0
Risk-Penalized A*,19,12364,59,667,1,0,7.488124999781576,361.0
Risk-Penalized Dijkstra,19,12364,59,671,1,0,9.9706440000773,361.0
Risk-Penalized Greedy,19,12364,61,77,1,0,0.43973399988317396,368.0
REST A*,19,12364,59,586,1,0,12.957518999883177,361.0
BFS,19,12364,59,676,1,0,7.543030999840994,801.0
DFS,19,12364,237,575,1,0,4.426390999924479,2004.0
Dijkstra,19,12364,59,675,1,0,3.6631730004046403,763.0
Greedy,19,12364,59,59,1,0,0.2947849998236052,763.0
ZEN,33,12378,59,517,1,0,3.0501709998134174,319.0
A*,33,12378,59,545,1,0,2.207689999977447,761.0
Weighted A*,33,12378,59,59,1,0,0.2684670002963685,761.0
Chance-Constrained A*,33,12378,0,3601,0,0,35.389249000218115,0.0
CVaR A*,33,12378,0,3601,0,0,46.98599500034106,0.0
Risk-Penalized A*,33,12378,59,595,1,0,3.116949000286695,315.0
Risk-Penalized Dijkstra,33,12378,59,633,1,0,3.1636449998586613,315.0
Risk-Penalized Greedy,33,12378,65,70,1,0,0.45317000012801145,361.0
REST A*,33,12378,59,399,1,0,4.491007000069658,315.0
BFS,33,12378,59,665,1,0,1.6870219997144886,783.0
DFS,33,12378,197,473,1,0,1.0306670001227758,1880.0
Dijkstra,33,12378,59,665,1,0,2.7861099997608108,761.0
Greedy,33,12378,59,59,1,0,0.30025900014152285,761.0
ZEN,32,12377,59,559,1,0,3.929886000150873,489.0
A*,32,12377,59,559,1,0,2.9099970001880138,758.0
Weighted A*,32,12377,59,59,1,0,0.3512169996611192,758.0
Chance-Constrained A*,32,12377,0,3601,0,0,35.42292400015867,0.0
CVaR A*,32,12377,0,3601,0,0,45.8822959999452,0.0
Risk-Penalized A*,32,12377,65,664,1,0,3.6878460000480118,443.0
Risk-Penalized Dijkstra,32,12377,65,664,1,0,3.4215810001114733,443.0
Risk-Penalized Greedy,32,12377,65,83,1,0,0.4442949998519907,542.0
REST A*,32,12377,61,630,1,0,5.653550999795698,461.0
BFS,32,12377,59,664,1,0,1.7504500001450651,759.0
DFS,32,12377,141,292,1,0,0.5218569999669853,1399.0
Dijkstra,32,12377,59,664,1,0,2.7546979999897303,758.0
Greedy,32,12377,59,59,1,0,0.2748490001067694,758.0
ZEN,21,12366,59,432,1,0,7.694192999679217,427.0
A*,21,12366,59,532,1,0,2.449496999815892,789.0
Weighted A*,21,12366,59,59,1,0,0.34663599990381044,789.0
Chance-Constrained A*,21,12366,0,3601,0,0,100.05042200009484,0.0
CVaR A*,21,12366,0,3601,0,0,294.6871609997288,0.0
Risk-Penalized A*,21,12366,59,662,1,0,3.986926999914431,427.0
Risk-Penalized Dijkstra,21,12366,59,662,1,0,3.3840950000012526,427.0
Risk-Penalized Greedy,21,12366,65,84,1,0,1.247431999672699,470.0
REST A*,21,12366,59,549,1,0,7.551232999958302,427.0
BFS,21,12366,59,662,1,0,1.6832040000736015,807.0
DFS,21,12366,215,447,1,0,1.0803559998748824,1930.0
Dijkstra,21,12366,59,662,1,0,3.9555120001750765,789.0
Greedy,21,12366,59,59,1,0,0.31968599978426937,789.0
ZEN,37,12382,59,557,1,0,3.928739000002679,400.0
A*,37,12382,59,571,1,0,2.7621499998531363,798.0
Weighted A*,37,12382,59,59,1,0,0.3237440000702918,798.0
Chance-Constrained A*,37,12382,0,3601,0,0,33.93565399983345,0.0
CVaR A*,37,12382,0,3601,0,0,41.40179400019406,0.0
Risk-Penalized A*,37,12382,59,654,1,0,3.561636000085855,398.0
Risk-Penalized Dijkstra,37,12382,59,656,1,0,3.646440000011353,398.0
Risk-Penalized Greedy,37,12382,67,131,1,0,0.6941529995856399,512.0
REST A*,37,12382,59,574,1,0,6.150243999854865,398.0
BFS,37,12382,59,664,1,0,1.7051510003511794,734.0
DFS,37,12382,215,617,1,0,1.2322540001150628,1775.0
Dijkstra,37,12382,59,664,1,0,3.151334999984101,798.0
Greedy,37,12382,59,59,1,0,0.2969070001199725,798.0
ZEN,36,12381,59,574,1,0,3.982846999861067,411.0
A*,36,12381,59,622,1,0,7.026032999874587,804.0
Weighted A*,36,12381,59,59,1,0,0.3485229999569128,804.0
Chance-Constrained A*,36,12381,0,3601,0,0,34.36674300019149,0.0
CVaR A*,36,12381,0,3601,0,0,42.06263599962767,0.0
Risk-Penalized A*,36,12381,61,664,1,0,3.7206659999355907,353.0
Risk-Penalized Dijkstra,36,12381,61,668,1,0,3.526849000081711,353.0
Risk-Penalized Greedy,36,12381,61,75,1,0,0.4247550000400224,365.0
REST A*,36,12381,61,565,1,0,5.477178000091953,353.0
BFS,36,12381,59,676,1,0,1.8981010002789844,754.0
DFS,36,12381,283,568,1,0,1.1205920000065817,2130.0
Dijkstra,36,12381,59,676,1,0,2.977206999730697,804.0
Greedy,36,12381,59,59,1,0,0.3245759999117581,804.0
ZEN,30,12375,59,591,1,0,12.736653000047227,428.0
A*,30,12375,59,601,1,0,3.2014019998314325,830.0
Weighted A*,30,12375,59,59,1,0,0.3137260000585229,830.0
Chance-Constrained A*,30,12375,0,3601,0,0,88.83632300012323,0.0
CVaR A*,30,12375,0,3601,0,0,112.07199899990883,0.0
Risk-Penalized A*,30,12375,59,661,1,0,9.229151999988972,418.0
Risk-Penalized Dijkstra,30,12375,59,661,1,0,2.3693360003562702,418.0
Risk-Penalized Greedy,30,12375,59,86,1,0,0.44718200024362886,483.0
REST A*,30,12375,59,605,1,0,6.651635000253009,425.0
BFS,30,12375,59,661,1,0,1.8921130003946018,749.0
DFS,30,12375,205,629,1,0,1.3162440000087372,1897.0
Dijkstra,30,12375,59,661,1,0,2.4233420003838546,830.0
Greedy,30,12375,59,59,1,0,0.3158370000164723,830.0
ZEN,34,12379,59,578,1,0,5.71705100037434,426.0
A*,34,12379,59,585,1,0,5.869449999863718,794.0
Weighted A*,34,12379,59,59,1,0,0.35830999968311517,794.0
Chance-Constrained A*,34,12379,0,3601,0,0,36.2472249998973,0.0
CVaR A*,34,12379,0,3601,0,0,51.064393000160635,0.0
Risk-Penalized A*,34,12379,59,659,1,0,4.208270000162884,405.0
Risk-Penalized Dijkstra,34,12379,59,663,1,0,3.273520000220742,405.0
Risk-Penalized Greedy,34,12379,61,67,1,0,0.3962019995924493,424.0
REST A*,34,12379,59,610,1,0,5.710304000331234,405.0
BFS,34,12379,59,662,1,0,1.862243999767088,729.0
DFS,34,12379,183,380,1,0,0.7943900000100257,1581.0
Dijkstra,34,12379,59,660,1,0,2.894810999805486,794.0
Greedy,34,12379,59,59,1,0,0.3190920001543418,794.0
ZEN,38,12383,59,565,1,0,5.41663099966172,408.0
A*,38,12383,59,565,1,0,2.8254820003894565,796.0
Weighted A*,38,12383,59,59,1,0,0.3325910001876764,796.0
Chance-Constrained A*,38,12383,0,3601,0,0,40.69615500020518,0.0
CVaR A*,38,12383,0,3601,0,0,38.677337000081025,0.0
Risk-Penalized A*,38,12383,61,648,1,0,3.45667700003105,380.0
Risk-Penalized Dijkstra,38,12383,61,653,1,0,3.449913999702403,380.0
Risk-Penalized Greedy,38,12383,77,103,1,0,0.5866010001227551,610.0
REST A*,38,12383,61,556,1,0,5.5600280002181535,380.0
BFS,38,12383,59,661,1,0,1.78757300000143,775.0
DFS,38,12383,261,553,1,0,1.0627319998093299,2099.0
Dijkstra,38,12383,59,661,1,0,2.800352000122075,796.0
Greedy,38,12383,59,59,1,0,0.306577000174002,796.0
ZEN,40,12385,59,466,1,0,3.247229999942647,330.0
A*,40,12385,59,545,1,0,2.671357000053831,806.0
Weighted A*,40,12385,59,59,1,0,0.37149400031921687,806.0
Chance-Constrained A*,40,12385,0,3601,0,0,33.6622689997057,0.0
CVaR A*,40,12385,0,3601,0,0,38.74559399991995,0.0
Risk-Penalized A*,40,12385,59,642,1,0,3.554492000148457,328.0
Risk-Penalized Dijkstra,40,12385,59,651,1,0,3.5659979998854396,328.0
Risk-Penalized Greedy,40,12385,69,81,1,0,0.5413650001173664,488.0
REST A*,40,12385,59,481,1,0,4.627771999821562,328.0
BFS,40,12385,59,664,1,0,1.7861389997051447,750.0
DFS,40,12385,219,637,1,0,1.346968000234483,1873.0
Dijkstra,40,12385,59,664,1,0,2.809391000027972,806.0
Greedy,40,12385,59,59,1,0,0.30264899987741956,806.0
ZEN,35,12380,59,546,1,0,9.608660000139935,405.0
A*,35,12380,59,553,1,0,8.74824999982593,780.0
Weighted A*,35,12380,59,59,1,0,0.3306550001980213,780.0
Chance-Constrained A*,35,12380,0,3601,0,0,86.44310999989102,0.0
CVaR A*,35,12380,0,3601,0,0,62.67901000001075,0.0
Risk-Penalized A*,35,12380,61,663,1,0,9.87466200012932,397.0
Risk-Penalized Dijkstra,35,12380,61,666,1,0,13.675235999926372,397.0
Risk-Penalized Greedy,35,12380,61,75,1,0,0.7682199998271244,424.0
REST A*,35,12380,59,573,1,0,7.766014000026189,404.0
BFS,35,12380,59,666,1,0,5.738670000027923,767.0
DFS,35,12380,207,494,1,0,2.529040999888821,1885.0
Dijkstra,35,12380,59,666,1,0,4.48349899988898,780.0
Greedy,35,12380,59,59,1,0,0.28593700017154333,780.0
ZEN,43,12388,59,591,1,0,4.461606999939249,464.0
A*,43,12388,59,592,1,0,2.8370559998620593,778.0
Weighted A*,43,12388,59,59,1,0,0.5442870001388656,778.0
Chance-Constrained A*,43,12388,0,3601,0,0,33.21083000037106,0.0
CVaR A*,43,12388,0,3601,0,0,37.505623000015476,0.0
Risk-Penalized A*,43,12388,59,657,1,0,3.5786499997811916,428.0
Risk-Penalized Dijkstra,43,12388,59,661,1,0,3.425712000080239,428.0
Risk-Penalized Greedy,43,12388,63,75,1,0,0.42518500004007365,481.0
REST A*,43,12388,59,587,1,0,5.53936899996188,429.0
BFS,43,12388,59,677,1,0,1.6561319998800172,775.0
DFS,43,12388,193,432,1,0,0.7512209999731567,1702.0
Dijkstra,43,12388,59,677,1,0,2.647247999902902,778.0
Greedy,43,12388,59,59,1,0,0.2705319998312916,778.0
ZEN,42,12387,59,613,1,0,6.812375000208704,410.0
A*,42,12387,59,613,1,0,3.2102239997584547,762.0
Weighted A*,42,12387,59,59,1,0,0.3331880002406251,762.0
Chance-Constrained A*,42,12387,0,3601,0,0,34.69626500009326,0.0
CVaR A*,42,12387,0,3601,0,0,41.96209999963685,0.0
Risk-Penalized A*,42,12387,61,665,1,0,3.861953000068752,367.0
Risk-Penalized Dijkstra,42,12387,61,670,1,0,3.4708260000115843,367.0
Risk-Penalized Greedy,42,12387,63,85,1,0,0.4839600001105282,503.0
REST A*,42,12387,59,578,1,0,9.06692100033979,370.0
BFS,42,12387,59,685,1,0,1.8723600001067098,749.0
DFS,42,12387,255,609,1,0,1.2192710000817897,2125.0
Dijkstra,42,12387,59,685,1,0,3.30276100021365,762.0
Greedy,42,12387,59,59,1,0,0.9582349998709105,762.0
ZEN,39,12384,59,561,1,0,6.18684699975347,455.0
A*,39,12384,59,565,1,0,3.1833190000725153,810.0
Weighted A*,39,12384,59,59,1,0,0.340226999924198,810.0
Chance-Constrained A*,39,12384,0,3601,0,0,48.006493000229966,0.0
CVaR A*,39,12384,0,3601,0,0,60.00354600018909,0.0
Risk-Penalized A*,39,12384,61,658,1,0,4.491744999995717,439.0
Risk-Penalized Dijkstra,39,12384,61,660,1,0,6.352639999931853,439.0
Risk-Penalized Greedy,39,12384,67,86,1,0,0.5068619998382928,469.0
REST A*,39,12384,59,546,1,0,7.045050000215269,446.0
BFS,39,12384,59,660,1,0,2.836415000274428,761.0
DFS,39,12384,197,455,1,0,3.649970999958896,1883.0
Dijkstra,39,12384,59,660,1,0,5.2668040002572525,810.0
Greedy,39,12384,59,59,1,0,0.3058759998566529,810.0
ZEN,41,12386,59,540,1,0,4.088460999810195,385.0
A*,41,12386,59,569,1,0,2.6076439999087597,734.0
Weighted A*,41,12386,59,59,1,0,0.3150929996991181,734.0
Chance-Constrained A*,41,12386,0,3601,0,0,55.05936899999142,0.0
CVaR A*,41,12386,0,3601,0,0,61.05674699983865,0.0
Risk-Penalized A*,41,12386,59,666,1,0,4.69070000008287,385.0
Risk-Penalized Dijkstra,41,12386,59,671,1,0,3.741294000064954,385.0
Risk-Penalized Greedy,41,12386,67,97,1,0,0.6397900001502421,445.0
REST A*,41,12386,59,534,1,0,9.271784000247862,416.0
BFS,41,12386,59,675,1,0,1.683193000189931,769.0
DFS,41,12386,167,625,1,0,1.290780000090308,1326.0
Dijkstra,41,12386,59,675,1,0,5.511047000254621,734.0
Greedy,41,12386,59,59,1,0,4.231972000070527,734.0
ZEN,44,12389,59,528,1,0,3.9602609999747074,355.0
A*,44,12389,59,636,1,0,3.067185000418249,740.0
Weighted A*,44,12389,59,59,1,0,0.354278000031627,740.0
Chance-Constrained A*,44,12389,0,3601,0,0,33.961263000037434,0.0
CVaR A*,44,12389,0,3601,0,0,38.73830399970757,0.0
Risk-Penalized A*,44,12389,59,679,1,0,4.099355000107607,329.0
Risk-Penalized Dijkstra,44,12389,59,692,1,0,3.5247690002506715,329.0
Risk-Penalized Greedy,44,12389,59,67,1,0,0.39671499962423695,355.0
REST A*,44,12389,59,523,1,0,5.398842999966291,329.0
BFS,44,12389,59,693,1,0,1.951561000169022,768.0
DFS,44,12389,227,581,1,0,1.195244999962597,1877.0
Dijkstra,44,12389,59,693,1,0,3.136579000056372,740.0
Greedy,44,12389,59,59,1,0,0.3010259997608955,740.0
ZEN,46,12391,59,307,1,0,2.4049210001066967,441.0
A*,46,12391,59,444,1,0,2.138310000191268,780.0
Weighted A*,46,12391,59,59,1,0,0.3539480003382778,780.0
Chance-Constrained A*,46,12391,0,3601,0,0,35.30881599999702,0.0
CVaR A*,46,12391,0,3601,0,0,41.536903999713104,0.0
Risk-Penalized A*,46,12391,59,628,1,0,3.908926999883988,441.0
Risk-Penalized Dijkstra,46,12391,59,643,1,0,3.0975949998719443,441.0
Risk-Penalized Greedy,46,12391,77,124,1,0,0.6016719999024644,716.0
REST A*,46,12391,59,495,1,0,4.759822999858443,441.0
BFS,46,12391,59,644,1,0,1.4849160002086137,824.0
DFS,46,12391,193,502,1,0,0.9669850001046143,1654.0
Dijkstra,46,12391,59,644,1,0,3.2651540000188106,780.0
Greedy,46,12391,59,59,1,0,0.24355200002901256,780.0
ZEN,47,12392,59,589,1,0,4.978841999673023,393.0
A*,47,12392,59,597,1,0,3.0176270001902594,761.0
Weighted A*,47,12392,59,59,1,0,0.4123210001125699,761.0
Chance-Constrained A*,47,12392,0,3601,0,0,43.08670299997175,0.0
CVaR A*,47,12392,0,3601,0,0,43.61788400001387,0.0
Risk-Penalized A*,47,12392,63,683,1,0,4.275255000266043,380.0
Risk-Penalized Dijkstra,47,12392,63,683,1,0,3.6879379999845696,380.0
Risk-Penalized Greedy,47,12392,67,84,1,0,0.6058529997972073,470.0
REST A*,47,12392,59,641,1,0,6.366758999774902,387.0
BFS,47,12392,59,683,1,0,2.079960999708419,764.0
DFS,47,12392,211,569,1,0,1.215148000028421,1830.0
Dijkstra,47,12392,59,683,1,0,2.9867139996895276,761.0
Greedy,47,12392,59,59,1,0,0.30315699996208423,761.0
ZEN,26,12371,59,420,1,0,24.174237999886827,449.0
A*,26,12371,59,582,1,0,8.712538000054337,796.0
Weighted A*,26,12371,59,59,1,0,0.3147309998894343,796.0
Chance-Constrained A*,26,12371,0,3601,0,0,128.87690399975327,0.0
CVaR A*,26,12371,0,3601,0,0,413.14044999990074,0.0
Risk-Penalized A*,26,12371,59,671,1,0,7.89308000003075,426.0
Risk-Penalized Dijkstra,26,12371,59,671,1,0,7.285788999979559,426.0
Risk-Penalized Greedy,26,12371,71,83,1,0,0.4531609997684427,529.0
REST A*,26,12371,59,622,1,0,24.384777000250324,436.0
BFS,26,12371,59,671,1,0,1.6176449998965836,772.0
DFS,26,12371,201,519,1,0,8.286941000278603,1757.0
Dijkstra,26,12371,59,671,1,0,9.477751999838802,796.0
Greedy,26,12371,59,59,1,0,0.2731969998421846,796.0
ZEN,50,12395,59,524,1,0,3.631722000136506,361.0
A*,50,12395,59,586,1,0,2.949493999949482,785.0
Weighted A*,50,12395,59,59,1,0,0.3696150001815113,785.0
Chance-Constrained A*,50,12395,0,3601,0,0,33.46766200002094,0.0
CVaR A*,50,12395,0,3601,0,0,39.25950200027728,0.0
Risk-Penalized A*,50,12395,59,626,1,0,3.919721999864123,333.0
Risk-Penalized Dijkstra,50,12395,59,647,1,0,3.262665000420384,333.0
Risk-Penalized Greedy,50,12395,61,73,1,0,0.4115729998375173,370.0
REST A*,50,12395,59,534,1,0,4.9684890000207815,333.0
BFS,50,12395,59,657,1,0,1.6800829998828704,812.0
DFS,50,12395,223,528,1,0,1.0244149998470675,2001.0
Dijkstra,50,12395,59,657,1,0,2.9180540000197652,785.0
Greedy,50,12395,59,59,1,0,0.3081400000155554,785.0
ZEN,48,12393,59,495,1,0,8.360521999748016,400.0
A*,48,12393,59,582,1,0,3.588314999888098,778.0
Weighted A*,48,12393,59,59,1,0,0.32887699990169494,778.0
Chance-Constrained A*,48,12393,0,3601,0,0,60.62926899994636,0.0
CVaR A*,48,12393,0,3601,0,0,68.85029100021711,0.0
Risk-Penalized A*,48,12393,61,675,1,0,4.466162999960943,384.0
Risk-Penalized Dijkstra,48,12393,61,675,1,0,14.64836800005287,384.0
Risk-Penalized Greedy,48,12393,65,68,1,0,0.42368399999759276,478.0
REST A*,48,12393,59,570,1,0,12.970010000117327,400.0
BFS,48,12393,59,675,1,0,2.758405999884417,780.0
DFS,48,12393,317,635,1,0,1.1863620002259267,2647.0
Dijkstra,48,12393,59,675,1,0,6.946769000023778,778.0
Greedy,48,12393,59,59,1,0,0.32226500024989946,778.0
ZEN,52,12397,59,546,1,0,4.323513999679562,557.0
A*,52,12397,59,551,1,0,2.664168000137579,761.0
Weighted A*,52,12397,59,59,1,0,0.26248299991493695,761.0
Chance-Constrained A*,52,12397,0,3601,0,0,37.36769799979811,0.0
CVaR A*,52,12397,0,3601,0,0,45.30123899985483,0.0
Risk-Penalized A*,52,12397,59,650,1,0,3.431452000313584,385.0
Risk-Penalized Dijkstra,52,12397,59,653,1,0,3.1912650001686416,385.0
Risk-Penalized Greedy,52,12397,61,72,1,0,0.5244529997980862,399.0
REST A*,52,12397,61,494,1,0,5.263269000352011,392.0
BFS,52,12397,59,654,1,0,1.6444530001535895,807.0
DFS,52,12397,215,571,1,0,1.167411000096763,1900.0
Dijkstra,52,12397,59,654,1,0,2.6024680000773515,761.0
Greedy,52,12397,59,59,1,0,0.2854069998647901,761.0
ZEN,51,12396,59,486,1,0,6.907757999670139,395.0
A*,51,12396,59,486,1,0,2.539798999805498,757.0
Weighted A*,51,12396,59,59,1,0,0.337792000209447,757.0
Chance-Constrained A*,51,12396,0,3601,0,0,37.75512299989714,0.0
CVaR A*,51,12396,0,3601,0,0,65.46435399968686,0.0
Risk-Penalized A*,51,12396,59,649,1,0,4.152369999701477,395.0
Risk-Penalized Dijkstra,51,12396,59,649,1,0,3.6917040001753776,395.0
Risk-Penalized Greedy,51,12396,81,110,1,0,0.9499299999333743,608.0
REST A*,51,12396,59,464,1,0,8.450871000150073,395.0
BFS,51,12396,59,649,1,0,1.730711999698542,777.0
DFS,51,12396,133,263,1,0,0.5059120003352291,1202.0
Dijkstra,51,12396,59,649,1,0,2.9747540002063033,757.0
Greedy,51,12396,59,59,1,0,0.31769299994266476,757.0
ZEN,45,12390,59,579,1,0,14.819107000221265,399.0
A*,45,12390,59,579,1,0,9.775749000255018,757.0
Weighted A*,45,12390,59,59,1,0,0.2975259999402624,757.0
Chance-Constrained A*,45,12390,0,3601,0,0,105.07800200002748,0.0
CVaR A*,45,12390,0,3601,0,0,113.80487499991432,0.0
Risk-Penalized A*,45,12390,59,661,1,0,6.514504000278976,399.0
Risk-Penalized Dijkstra,45,12390,59,661,1,0,14.981828999680147,399.0
Risk-Penalized Greedy,45,12390,63,74,1,0,0.43985100001009414,442.0
REST A*,45,12390,59,532,1,0,10.225265999906696,399.0
BFS,45,12390,59,662,1,0,4.0860730000531476,774.0
DFS,45,12390,145,578,1,0,2.616075000332785,1285.0
Dijkstra,45,12390,59,662,1,0,9.412062999672344,757.0
Greedy,45,12390,59,59,1,0,0.282137000340299,757.0
ZEN,54,12399,59,608,1,0,4.206096999951114,469.0
A*,54,12399,59,608,1,0,3.0238989997997123,778.0
Weighted A*,54,12399,59,59,1,0,0.3995920001216291,778.0
Chance-Constrained A*,54,12399,0,3601,0,0,34.331679999922926,0.0
CVaR A*,54,12399,0,3601,0,0,40.54973200027234,0.0
Risk-Penalized A*,54,12399,61,662,1,0,3.6494060000222817,381.0
Risk-Penalized Dijkstra,54,12399,61,672,1,0,4.457290000118519,381.0
Risk-Penalized Greedy,54,12399,59,77,1,0,0.45645399995919433,493.0
REST A*,54,12399,59,527,1,0,4.982234000181052,386.0
BFS,54,12399,59,672,1,0,1.7741040001055808,817.0
DFS,54,12399,195,648,1,0,1.4090600002418796,1714.0
Dijkstra,54,12399,59,672,1,0,2.8084519999538315,778.0
Greedy,54,12399,59,59,1,0,0.35880099994756165,778.0
ZEN,49,12394,59,614,1,0,10.244382000109908,338.0
A*,49,12394,59,631,1,0,4.818997000256786,815.0
Weighted A*,49,12394,59,59,1,0,0.37247499994919053,815.0
Chance-Constrained A*,49,12394,0,3601,0,0,89.0072339998369,0.0
CVaR A*,49,12394,0,3601,0,0,113.83466200004477,0.0
Risk-Penalized A*,49,12394,59,668,1,0,14.699825999741734,336.0
Risk-Penalized Dijkstra,49,12394,59,670,1,0,10.671746999832976,336.0
Risk-Penalized Greedy,49,12394,65,71,1,0,0.4455120001694013,453.0
REST A*,49,12394,59,552,1,0,18.4389830001237,336.0
BFS,49,12394,59,679,1,0,1.534410000203934,753.0
DFS,49,12394,195,567,1,0,1.0253330001432914,1601.0
Dijkstra,49,12394,59,679,1,0,11.629600000105711,815.0
Greedy,49,12394,59,59,1,0,0.23462599983758992,815.0
ZEN,56,12401,59,547,1,0,3.965115000028163,440.0
A*,56,12401,59,554,1,0,2.755074999640783,780.0
Weighted A*,56,12401,59,59,1,0,0.4207980000501266,780.0
Chance-Constrained A*,56,12401,0,3601,0,0,34.609520999765664,0.0
CVaR A*,56,12401,0,3601,0,0,39.26712200018301,0.0
Risk-Penalized A*,56,12401,59,659,1,0,4.027654999845254,438.0
Risk-Penalized Dijkstra,56,12401,59,662,1,0,3.4423259999130096,438.0
Risk-Penalized Greedy,56,12401,63,81,1,0,0.473786999918957,478.0
REST A*,56,12401,59,605,1,0,5.761139999776788,440.0
BFS,56,12401,59,663,1,0,1.8093460003001383,803.0
DFS,56,12401,177,647,1,0,1.516457999969134,1539.0
Dijkstra,56,12401,59,662,1,0,2.9408199998215423,780.0
Greedy,56,12401,59,59,1,0,0.32792299998618546,780.0
ZEN,53,12398,59,555,1,0,20.101655999951618,496.0
A*,53,12398,59,555,1,0,2.4611460003143293,767.0
Weighted A*,53,12398,59,59,1,0,0.3111690002697287,767.0
Chance-Constrained A*,53,12398,0,3601,0,0,136.51151400017625,0.0
CVaR A*,53,12398,0,3601,0,0,39.57196000010299,0.0
Risk-Penalized A*,53,12398,65,656,1,0,6.635762000314571,412.0
Risk-Penalized Dijkstra,53,12398,65,662,1,0,3.576895999685803,412.0
Risk-Penalized Greedy,53,12398,69,86,1,0,0.5363420000321639,477.0
REST A*,53,12398,59,545,1,0,5.132796999987477,481.0
BFS,53,12398,59,666,1,0,2.624241999910737,734.0
DFS,53,12398,199,619,1,0,1.2086669999007427,1682.0
Dijkstra,53,12398,59,666,1,0,2.556376000029559,767.0
Greedy,53,12398,59,59,1,0,0.29125999981260975,767.0
ZEN,55,12400,59,626,1,0,8.171971000138,373.0
A*,55,12400,59,626,1,0,4.425536999860924,761.0
Weighted A*,55,12400,59,59,1,0,0.463367000065773,761.0
Chance-Constrained A*,55,12400,0,3601,0,0,48.59995499964498,0.0
CVaR A*,55,12400,0,3601,0,0,56.17524799981766,0.0
Risk-Penalized A*,55,12400,59,684,1,0,8.920185000079073,343.0
Risk-Penalized Dijkstra,55,12400,59,686,1,0,3.645368999968923,343.0
Risk-Penalized Greedy,55,12400,61,69,1,0,0.4607890000443149,425.0
REST A*,55,12400,59,624,1,0,11.129827999866393,343.0
BFS,55,12400,59,687,1,0,1.6775480003161647,752.0
DFS,55,12400,221,459,1,0,0.8711000000403146,1867.0
Dijkstra,55,12400,59,687,1,0,3.070579999985057,761.0
Greedy,55,12400,59,59,1,0,0.39486600007876405,761.0
ZEN,57,12402,59,382,1,0,2.721663999636803,463.0
A*,57,12402,59,520,1,0,2.579665000212117,795.0
Weighted A*,57,12402,59,59,1,0,0.33499100027256645,795.0
Chance-Constrained A*,57,12402,0,3601,0,0,46.1624380000103,0.0
CVaR A*,57,12402,0,3601,0,0,47.987530999762384,0.0
Risk-Penalized A*,57,12402,61,645,1,0,3.778122000312578,429.0
Risk-Penalized Dijkstra,57,12402,61,646,1,0,7.963703000314126,429.0
Risk-Penalized Greedy,57,12402,71,93,1,0,2.8742009999405127,592.0
REST A*,57,12402,59,562,1,0,5.118624999795429,462.0
BFS,57,12402,59,657,1,0,1.6338079999513866,795.0
DFS,57,12402,219,480,1,0,0.8539899999959744,1922.0
Dijkstra,57,12402,59,657,1,0,3.7012089997006115,795.0
Greedy,57,12402,59,59,1,0,0.2746170002865256,795.0
ZEN,59,12404,59,539,1,0,3.862960999867937,430.0
A*,59,12404,59,539,1,0,2.6362410003457626,800.0
Weighted A*,59,12404,59,59,1,0,0.33923900036825216,800.0
Chance-Constrained A*,59,12404,0,3601,0,0,35.22110700032499,0.0
CVaR A*,59,12404,0,3601,0,0,39.461802000005264,0.0
Risk-Penalized A*,59,12404,59,660,1,0,3.815647000010358,419.0
Risk-Penalized Dijkstra,59,12404,59,660,1,0,3.3440980000705167,419.0
Risk-Penalized Greedy,59,12404,59,69,1,0,0.4375429998617619,421.0
REST A*,59,12404,59,523,1,0,5.436796999674698,419.0
BFS,59,12404,59,660,1,0,1.962832000117487,768.0
DFS,59,12404,197,611,1,0,1.398693999817624,1695.0
Dijkstra,59,12404,59,660,1,0,2.8437000000849366,800.0
Greedy,59,12404,59,59,1,0,0.30364399981408496,800.0
ZEN,61,12406,59,535,1,0,3.7156100001993764,393.0
A*,61,12406,59,577,1,0,3.3366570000907814,781.0
Weighted A*,61,12406,59,59,1,0,0.408936999974685,781.0
Chance-Constrained A*,61,12406,0,3601,0,0,33.0907490001664,0.0
CVaR A*,61,12406,0,3601,0,0,39.53697099996134,0.0
Risk-Penalized A*,61,12406,59,653,1,0,3.802700999585795,392.0
Risk-Penalized Dijkstra,61,12406,59,654,1,0,3.24932599960448,392.0
Risk-Penalized Greedy,61,12406,63,76,1,0,0.44045300001016585,449.0
REST A*,61,12406,59,525,1,0,5.318975000136561,392.0
BFS,61,12406,59,654,1,0,1.7031239999596437,801.0
DFS,61,12406,231,505,1,0,1.0049890001937456,2013.0
Dijkstra,61,12406,59,654,1,0,3.160788000059256,781.0
Greedy,61,12406,59,59,1,0,0.40514200009056367,781.0
ZEN,58,12403,59,496,1,0,10.520753000037075,418.0
A*,58,12403,59,496,1,0,8.595291999881738,789.0
Weighted A*,58,12403,59,59,1,0,0.411402999816346,789.0
Chance-Constrained A*,58,12403,0,3601,0,0,93.71324099993217,0.0
CVaR A*,58,12403,0,3601,0,0,40.313793000223086,0.0
Risk-Penalized A*,58,12403,61,652,1,0,3.6744630001521728,409.0
Risk-Penalized Dijkstra,58,12403,61,656,1,0,2.948117999949318,409.0
Risk-Penalized Greedy,58,12403,65,82,1,0,0.42275499981769826,434.0
REST A*,58,12403,59,496,1,0,4.345513999851391,418.0
BFS,58,12403,59,656,1,0,1.6091049997157825,728.0
DFS,58,12403,209,598,1,0,1.1235510000915383,1864.0
Dijkstra,58,12403,59,656,1,0,2.707839999857242,789.0
Greedy,58,12403,59,59,1,0,0.29527500009862706,789.0
ZEN,63,12408,59,627,1,0,4.712843999641336,358.0
A*,63,12408,59,628,1,0,3.1618590001016855,751.0
Weighted A*,63,12408,59,59,1,0,0.2795539999169705,751.0
Chance-Constrained A*,63,12408,0,3601,0,0,48.369228999945335,0.0
CVaR A*,63,12408,0,3601,0,0,57.40513099999589,0.0
Risk-Penalized A*,63,12408,59,680,1,0,4.7507439999208145,351.0
Risk-Penalized Dijkstra,63,12408,59,680,1,0,5.164455999874917,351.0
Risk-Penalized Greedy,63,12408,63,68,1,0,0.35625500004243804,371.0
REST A*,63,12408,59,627,1,0,5.892328999834717,351.0
BFS,63,12408,59,680,1,0,1.8269249999320891,730.0
DFS,63,12408,263,586,1,0,1.0070379998978751,2087.0
Dijkstra,63,12408,59,680,1,0,2.7879940003003867,751.0
Greedy,63,12408,59,59,1,0,1.5007820002210792,751.0
ZEN,65,12410,59,553,1,0,4.097227999864117,409.0
A*,65,12410,59,561,1,0,2.727264999975887,775.0
Weighted A*,65,12410,59,59,1,0,0.3351579998707166,775.0
Chance-Constrained A*,65,12410,0,3601,0,0,34.03743799981385,0.0
CVaR A*,65,12410,0,3601,0,0,41.38027199996941,0.0
Risk-Penalized A*,65,12410,61,659,1,0,3.836074999981065,402.0
Risk-Penalized Dijkstra,65,12410,61,662,1,0,3.304570999716816,402.0
Risk-Penalized Greedy,65,12410,67,99,1,0,0.5805950004287297,454.0
REST A*,65,12410,59,623,1,0,5.907175000174902,409.0
BFS,65,12410,59,665,1,0,1.8652349999683793,773.0
DFS,65,12410,181,586,1,0,1.2499760000537208,1608.0
Dijkstra,65,12410,59,665,1,0,2.7760549996855843,775.0
Greedy,65,12410,59,59,1,0,0.2986060003422608,775.0
ZEN,62,12407,59,367,1,0,2.6466929998605337,423.0
A*,62,12407,59,532,1,0,2.7703069999915897,797.0
Weighted A*,62,12407,59,59,1,0,0.3513440001370327,797.0
Chance-Constrained A*,62,12407,0,3601,0,0,55.15222399981212,0.0
CVaR A*,62,12407,0,3601,0,0,85.1294730000518,0.0
Risk-Penalized A*,62,12407,61,658,1,0,8.126492999963375,380.0
Risk-Penalized Dijkstra,62,12407,61,659,1,0,4.811530000097264,380.0
Risk-Penalized Greedy,62,12407,65,97,1,0,0.5866709998372244,438.0
REST A*,62,12407,61,535,1,0,8.46697299994048,380.0
BFS,62,12407,59,659,1,0,1.7417119997844566,752.0
DFS,62,12407,235,610,1,0,1.8195369998466049,2031.0
Dijkstra,62,12407,59,659,1,0,2.7823300001728057,797.0
Greedy,62,12407,59,59,1,0,0.2984200000355486,797.0
ZEN,66,12411,59,580,1,0,4.189400000086607,284.0
A*,66,12411,59,649,1,0,2.9352250003285008,765.0
Weighted A*,66,12411,59,59,1,0,0.37486799965336104,765.0
Chance-Constrained A*,66,12411,0,3601,0,0,34.75719000016397,0.0
CVaR A*,66,12411,0,3601,0,0,40.65436800010502,0.0
Risk-Penalized A*,66,12411,59,690,1,0,4.046604999984993,272.0
Risk-Penalized Dijkstra,66,12411,59,692,1,0,3.5915240000576887,272.0
Risk-Penalized Greedy,66,12411,59,71,1,0,0.43591200028458843,279.0
REST A*,66,12411,59,505,1,0,5.447361999813438,272.0
BFS,66,12411,59,694,1,0,1.9188670003131847,769.0
DFS,66,12411,283,641,1,0,1.2599619999491551,2311.0
Dijkstra,66,12411,59,694,1,0,2.9976830001032795,765.0
Greedy,66,12411,59,59,1,0,0.42116599979635794,765.0
ZEN,64,12409,59,557,1,0,3.6908909996782313,402.0
A*,64,12409,59,557,1,0,3.9223070002663007,787.0
Weighted A*,64,12409,59,59,1,0,0.331719999849156,787.0
Chance-Constrained A*,64,12409,0,3601,0,0,42.779563999829406,0.0
CVaR A*,64,12409,0,3601,0,0,113.36351899990404,0.0
Risk-Penalized A*,64,12409,59,663,1,0,6.7406379998828925,385.0
Risk-Penalized Dijkstra,64,12409,59,664,1,0,7.583458999761206,385.0
Risk-Penalized Greedy,64,12409,63,72,1,0,0.39973299999473966,443.0
REST A*,64,12409,59,519,1,0,16.74217999971006,385.0
BFS,64,12409,59,665,1,0,1.7659260001892108,785.0
DFS,64,12409,161,650,1,0,1.4873830000396993,1467.0
Dijkstra,64,12409,59,665,1,0,5.90006699985679,787.0
Greedy,64,12409,59,59,1,0,0.2846980000867916,787.0
ZEN,68,12413,59,316,1,0,2.2523549996549264,408.0
A*,68,12413,59,536,1,0,2.5112409998655494,737.0
Weighted A*,68,12413,59,59,1,0,0.29633000031026313,737.0
Chance-Constrained A*,68,12413,0,3601,0,0,47.490755999660905,0.0
CVaR A*,68,12413,0,3601,0,0,51.99035699979504,0.0
Risk-Penalized A*,68,12413,61,619,1,0,4.158181000093464,387.0
Risk-Penalized Dijkstra,68,12413,61,623,1,0,3.3416370001759788,387.0
Risk-Penalized Greedy,68,12413,69,119,1,0,0.6390600001395796,433.0
REST A*,68,12413,61,457,1,0,6.576460000360385,387.0
BFS,68,12413,59,647,1,0,1.51323299996875,819.0
DFS,68,12413,209,521,1,0,1.1757719998968241,1851.0
Dijkstra,68,12413,59,647,1,0,2.386662999924738,737.0
Greedy,68,12413,59,59,1,0,0.30218900019463035,737.0
ZEN,67,12412,59,490,1,0,3.1317620000663737,364.0
A*,67,12412,59,493,1,0,2.236842999991495,740.0
Weighted A*,67,12412,59,59,1,0,0.30160400001477683,740.0
Chance-Constrained A*,67,12412,0,3601,0,0,40.79285099987828,0.0
CVaR A*,67,12412,0,3601,0,0,93.5712059999787,0.0
Risk-Penalized A*,67,12412,61,674,1,0,7.270287000210374,349.0
Risk-Penalized Dijkstra,67,12412,61,676,1,0,9.706915000151639,349.0
Risk-Penalized Greedy,67,12412,67,79,1,0,0.4431780002960295,474.0
REST A*,67,12412,59,581,1,0,13.751005999893096,364.0
BFS,67,12412,59,676,1,0,1.6409189997830254,773.0
DFS,67,12412,207,605,1,0,4.1562330002307135,1821.0
Dijkstra,67,12412,59,676,1,0,7.302682000045024,740.0
Greedy,67,12412,59,59,1,0,0.3911899998456647,740.0
ZEN,71,12416,59,588,1,0,4.28323599999203,445.0
A*,71,12416,59,588,1,0,2.9508870002246113,825.0
Weighted A*,71,12416,59,59,1,0,0.3564409998944029,825.0
Chance-Constrained A*,71,12416,0,3601,0,0,37.57690400016145,0.0
CVaR A*,71,12416,0,3601,0,0,44.217052000021795,0.0
Risk-Penalized A*,71,12416,59,597,1,0,3.8684579999426205,341.0
Risk-Penalized Dijkstra,71,12416,59,607,1,0,3.364496999893163,341.0
Risk-Penalized Greedy,71,12416,59,73,1,0,0.423093000335939,445.0
REST A*,71,12416,61,536,1,0,5.10659100018529,351.0
BFS,71,12416,59,631,1,0,1.493937000304868,743.0
DFS,71,12416,149,591,1,0,1.376832000005379,1583.0
Dijkstra,71,12416,59,631,1,0,3.7905230001342716,825.0
Greedy,71,12416,59,59,1,0,0.2981359998557309,825.0
ZEN,60,12405,59,346,1,0,2.346079999824724,456.0
A*,60,12405,59,367,1,0,7.845482999982778,744.0
Weighted A*,60,12405,59,59,1,0,0.3518390003591776,744.0
Chance-Constrained A*,60,12405,0,3601,0,0,87.88779999986218,0.0
CVaR A*,60,12405,0,3601,0,0,170.73391300027652,0.0
Risk-Penalized A*,60,12405,63,616,1,0,15.006560999609064,447.0
Risk-Penalized Dijkstra,60,12405,63,645,1,0,10.337144000004628,447.0
Risk-Penalized Greedy,60,12405,67,101,1,0,2.309467000031873,526.0
REST A*,60,12405,61,401,1,0,13.992249000239099,459.0
BFS,60,12405,59,653,1,0,8.205085000099643,821.0
DFS,60,12405,185,633,1,0,6.3449149997723,1702.0
Dijkstra,60,12405,59,653,1,0,11.27213199970356,744.0
Greedy,60,12405,59,59,1,0,0.31710199982626364,744.0
ZEN,69,12414,59,556,1,0,4.271245999916573,568.0
A*,69,12414,59,557,1,0,2.7781159997175564,784.0
Weighted A*,69,12414,59,59,1,0,0.32567599964750116,784.0
Chance-Constrained A*,69,12414,0,3601,0,0,32.64529899979607,0.0
CVaR A*,69,12414,0,3601,0,0,104.4838359998721,0.0
Risk-Penalized A*,69,12414,59,656,1,0,3.9696650001133094,433.0
Risk-Penalized Dijkstra,69,12414,59,656,1,0,3.3524959999340354,433.0
Risk-Penalized Greedy,69,12414,61,81,1,0,0.44259700007387437,453.0
REST A*,69,12414,59,587,1,0,5.5199570001605025,433.0
BFS,69,12414,59,656,1,0,1.74005799999577,766.0
DFS,69,12414,253,555,1,0,1.071464999768068,2158.0
Dijkstra,69,12414,59,656,1,0,2.7339759999449598,784.0
Greedy,69,12414,59,59,1,0,0.42223500031468575,784.0
ZEN,70,12415,59,545,1,0,4.011982000065473,437.0
A*,70,12415,59,588,1,0,7.9693269999552285,748.0
Weighted A*,70,12415,59,59,1,0,0.3630750002230343,748.0
Chance-Constrained A*,70,12415,0,3601,0,0,64.41144900009022,0.0
CVaR A*,70,12415,0,3601,0,0,57.28092099980131,0.0
Risk-Penalized A*,70,12415,61,681,1,0,10.838821000106691,397.0
Risk-Penalized Dijkstra,70,12415,61,681,1,0,3.518768000049022,397.0
Risk-Penalized Greedy,70,12415,73,90,1,0,0.5690040002264141,450.0
REST A*,70,12415,61,645,1,0,12.983509999685339,409.0
BFS,70,12415,59,681,1,0,1.8118600000889273,756.0
DFS,70,12415,243,548,1,0,1.0385479999968084,2036.0
Dijkstra,70,12415,59,681,1,0,6.368197000028886,748.0
Greedy,70,12415,59,59,1,0,0.322745000175928,748.0
ZEN,73,12418,59,618,1,0,5.317682999702811,410.0
A*,73,12418,59,625,1,0,4.196510999918246,761.0
Weighted A*,73,12418,59,59,1,0,0.34263799989275867,761.0
Chance-Constrained A*,73,12418,0,3601,0,0,42.25110500010487,0.0
CVaR A*,73,12418,0,3601,0,0,46.58271299967964,0.0
Risk-Penalized A*,73,12418,61,698,1,0,3.8695079997523862,376.0
Risk-Penalized Dijkstra,73,12418,61,698,1,0,3.518170999996073,376.0
Risk-Penalized Greedy,73,12418,65,87,1,0,0.5059370000708441,419.0
REST A*,73,12418,59,664,1,0,8.742652999899292,388.0
BFS,73,12418,59,698,1,0,1.783528999567352,746.0
DFS,73,12418,323,667,1,0,1.2119220000386122,2421.0
Dijkstra,73,12418,59,698,1,0,2.9391769999165263,761.0
Greedy,73,12418,59,59,1,0,0.30034099972908734,761.0
ZEN,75,12420,59,648,1,0,4.881863999798952,432.0
A*,75,12420,59,651,1,0,3.475195999726566,825.0
Weighted A*,75,12420,59,59,1,0,0.3300610001133464,825.0
Chance-Constrained A*,75,12420,0,3601,0,0,36.93229700002121,0.0
CVaR A*,75,12420,0,3601,0,0,46.168912000212,0.0
Risk-Penalized A*,75,12420,59,687,1,0,3.8842500002829183,383.0
Risk-Penalized Dijkstra,75,12420,59,689,1,0,3.489618999992672,383.0
Risk-Penalized Greedy,75,12420,69,82,1,0,0.47442999994018464,517.0
REST A*,75,12420,61,648,1,0,6.308129999979428,425.0
BFS,75,12420,59,695,1,0,1.8864409998968767,724.0
DFS,75,12420,257,462,1,0,0.8497529997839592,2207.0
Dijkstra,75,12420,59,695,1,0,2.9717009997511923,825.0
Greedy,75,12420,59,59,1,0,0.30068600017330027,825.0
ZEN,77,12422,59,417,1,0,3.1202260001919058,422.0
A*,77,12422,59,542,1,0,2.700872999866988,781.0
Weighted A*,77,12422,59,59,1,0,0.32963600006041816,781.0
Chance-Constrained A*,77,12422,0,3601,0,0,35.719831000278646,0.0
CVaR A*,77,12422,0,3601,0,0,44.57135599977846,0.0
Risk-Penalized A*,77,12422,61,678,1,0,4.118884000035905,410.0
Risk-Penalized Dijkstra,77,12422,61,678,1,0,3.4455270001672034,410.0
Risk-Penalized Greedy,77,12422,69,83,1,0,0.49090299989984487,488.0
REST A*,77,12422,59,549,1,0,5.346855999960098,415.0
BFS,77,12422,59,678,1,0,1.8127939997611975,778.0
DFS,77,12422,243,507,1,0,0.9454440000808972,1950.0
Dijkstra,77,12422,59,678,1,0,3.094860000146582,781.0
Greedy,77,12422,59,59,1,0,0.32444499993289355,781.0
ZEN,72,12417,59,620,1,0,6.974671000079979,361.0
A*,72,12417,59,624,1,0,3.931036999802018,808.0
Weighted A*,72,12417,59,59,1,0,4.845175999889761,808.0
Chance-Constrained A*,72,12417,0,3601,0,0,73.79862500010859,0.0
CVaR A*,72,12417,0,3601,0,0,98.39770300004602,0.0
Risk-Penalized A*,72,12417,59,686,1,0,9.92713100004039,354.0
Risk-Penalized Dijkstra,72,12417,59,687,1,0,4.57500800030175,354.0
Risk-Penalized Greedy,72,12417,61,69,1,0,5.8596409999154275,524.0
REST A*,72,12417,59,555,1,0,10.699836000185314,360.0
BFS,72,12417,59,688,1,0,4.721398000128829,805.0
DFS,72,12417,261,637,1,0,1.2201280001136183,2273.0
Dijkstra,72,12417,59,688,1,0,4.837315000258968,808.0
Greedy,72,12417,59,59,1,0,0.25590899986127624,808.0
ZEN,81,12426,59,595,1,0,4.5715159999417665,363.0
A*,81,12426,59,598,1,0,2.9376319998846157,738.0
Weighted A*,81,12426,59,59,1,0,0.35154600027453853,738.0
Chance-Constrained A*,81,12426,0,3601,0,0,36.210824999670876,0.0
CVaR A*,81,12426,0,3601,0,0,41.005049999967014,0.0
Risk-Penalized A*,81,12426,59,677,1,0,3.076050000345276,363.0
Risk-Penalized Dijkstra,81,12426,59,677,1,0,3.025093000360357,363.0
Risk-Penalized Greedy,81,12426,63,79,1,0,0.40570999999545165,373.0
REST A*,81,12426,59,565,1,0,4.428148999977566,363.0
BFS,81,12426,59,677,1,0,1.4766059998692072,817.0
DFS,81,12426,193,559,1,0,0.9032209995893936,1644.0
Dijkstra,81,12426,59,677,1,0,2.177088999815169,738.0
Greedy,81,12426,59,59,1,0,0.24834700025166967,738.0
ZEN,79,12424,59,596,1,0,4.923241999676975,335.0
A*,79,12424,59,600,1,0,2.843529999609018,790.0
Weighted A*,79,12424,59,59,1,0,0.33583300000827876,790.0
Chance-Constrained A*,79,12424,0,3601,0,0,45.36455200013734,0.0
CVaR A*,79,12424,0,3601,0,0,52.72411199985072,0.0
Risk-Penalized A*,79,12424,59,662,1,0,3.4990689996448054,335.0
Risk-Penalized Dijkstra,79,12424,59,669,1,0,3.0875520001245604,335.0
Risk-Penalized Greedy,79,12424,65,69,1,0,0.3813820003415458,398.0
REST A*,79,12424,59,568,1,0,4.990378000002238,335.0
BFS,79,12424,59,676,1,0,1.6182099998331978,824.0
DFS,79,12424,207,587,1,0,1.1831319998236722,1756.0
Dijkstra,79,12424,59,676,1,0,2.8580459998011065,790.0
Greedy,79,12424,59,59,1,0,0.21827099999427446,790.0
ZEN,78,12423,59,406,1,0,2.761178000127984,349.0
A*,78,12423,59,513,1,0,6.671791999906418,794.0
Weighted A*,78,12423,59,59,1,0,0.35481399982018047,794.0
Chance-Constrained A*,78,12423,0,3601,0,0,55.91084400020918,0.0
CVaR A*,78,12423,0,3601,0,0,67.62023200008116,0.0
Risk-Penalized A*,78,12423,59,603,1,0,5.40660399974513,348.0
Risk-Penalized Dijkstra,78,12423,59,643,1,0,10.172823000175413,348.0
Risk-Penalized Greedy,78,12423,63,82,1,0,3.372480999587424,398.0
REST A*,78,12423,59,444,1,0,5.8951650003109535,348.0
BFS,78,12423,59,662,1,0,1.5532229999735137,757.0
DFS,78,12423,217,405,1,0,3.7111709998498554,1901.0
Dijkstra,78,12423,59,662,1,0,3.818479999608826,794.0
Greedy,78,12423,59,59,1,0,0.34839899990402046,794.0
ZEN,74,12419,59,535,1,0,6.550176000018837,383.0
A*,74,12419,59,536,1,0,7.851781999761442,767.0
Weighted A*,74,12419,59,59,1,0,0.3419609997763473,767.0
Chance-Constrained A*,74,12419,0,3601,0,0,78.18949100010286,0.0
CVaR A*,74,12419,0,3601,0,0,96.47649899989119,0.0
Risk-Penalized A*,74,12419,59,651,1,0,6.309460000011313,376.0
Risk-Penalized Dijkstra,74,12419,59,659,1,0,11.120281999865256,376.0
Risk-Penalized Greedy,74,12419,65,74,1,0,0.4163109997534775,411.0
REST A*,74,12419,59,440,1,0,7.6641999999083055,382.0
BFS,74,12419,59,660,1,0,6.502680999801669,759.0
DFS,74,12419,233,599,1,0,1.2585639997269027,1995.0
Dijkstra,74,12419,59,660,1,0,2.3271210002349108,767.0
Greedy,74,12419,59,59,1,0,3.982296999765822,767.0
ZEN,80,12425,59,615,1,0,4.679667999880621,318.0
A*,80,12425,59,615,1,0,3.0215500000849715,751.0
Weighted A*,80,12425,59,59,1,0,0.3551790000528854,751.0
Chance-Constrained A*,80,12425,0,3601,0,0,34.57118999995146,0.0
CVaR A*,80,12425,0,3601,0,0,103.61866599987479,0.0
Risk-Penalized A*,80,12425,59,686,1,0,4.420285999913176,317.0
Risk-Penalized Dijkstra,80,12425,59,691,1,0,3.4597990002112056,317.0
Risk-Penalized Greedy,80,12425,63,72,1,0,0.4313199997341144,349.0
REST A*,80,12425,59,562,1,0,5.799884000225575,317.0
BFS,80,12425,59,696,1,0,1.8431429998599924,741.0
DFS,80,12425,269,587,1,0,1.251452999895264,2028.0
Dijkstra,80,12425,59,696,1,0,2.797162000206299,751.0
Greedy,80,12425,59,59,1,0,0.28823900038332795,751.0
ZEN,83,12428,59,524,1,0,4.600954999659734,384.0
A*,83,12428,59,586,1,0,4.269887000191375,771.0
Weighted A*,83,12428,59,59,1,0,0.5711099997824931,771.0
Chance-Constrained A*,83,12428,0,3601,0,0,35.66631800003961,0.0
CVaR A*,83,12428,0,3601,0,0,38.64347499984433,0.0
Risk-Penalized A*,83,12428,59,673,1,0,4.033006000099704,382.0
Risk-Penalized Dijkstra,83,12428,59,675,1,0,3.224263999982213,382.0
Risk-Penalized Greedy,83,12428,65,79,1,0,0.3922350001630548,507.0
REST A*,83,12428,59,580,1,0,5.562918000123318,382.0
BFS,83,12428,59,677,1,0,1.8369750000601925,841.0
DFS,83,12428,217,438,1,0,0.8571719999963534,2002.0
Dijkstra,83,12428,59,677,1,0,2.939395000339573,771.0
Greedy,83,12428,59,59,1,0,0.3914769999937562,771.0
ZEN,76,12421,59,495,1,0,11.784828000145353,384.0
A*,76,12421,59,514,1,0,11.37719799999104,806.0
Weighted A*,76,12421,59,59,1,0,0.3293750000921136,806.0
Chance-Constrained A*,76,12421,0,3601,0,0,141.06747200003156,0.0
CVaR A*,76,12421,0,3601,0,0,121.94586399982654,0.0
Risk-Penalized A*,76,12421,59,676,1,0,13.834081999902992,383.0
Risk-Penalized Dijkstra,76,12421,59,676,1,0,7.366183000158344,383.0
Risk-Penalized Greedy,76,12421,59,69,1,0,0.40564600021752995,405.0
REST A*,76,12421,59,539,1,0,14.003822000177024,383.0
BFS,76,12421,59,677,1,0,1.7840649998106528,796.0
DFS,76,12421,197,644,1,0,5.63977599995269,1697.0
Dijkstra,76,12421,59,677,1,0,5.218323999997665,806.0
Greedy,76,12421,59,59,1,0,0.3016680002474459,806.0
ZEN,82,12427,59,587,1,0,9.996304999731365,475.0
A*,82,12427,59,587,1,0,12.051348000113649,756.0
Weighted A*,82,12427,59,59,1,0,0.35554199985199375,756.0
Chance-Constrained A*,82,12427,0,3601,0,0,96.44120299981296,0.0
CVaR A*,82,12427,0,3601,0,0,51.70529900033216,0.0
Risk-Penalized A*,82,12427,59,665,1,0,7.523719999880996,449.0
Risk-Penalized Dijkstra,82,12427,59,665,1,0,7.987135999883321,449.0
Risk-Penalized Greedy,82,12427,59,65,1,0,4.356248000021878,457.0
REST A*,82,12427,59,639,1,0,10.42680399996243,449.0
BFS,82,12427,59,665,1,0,1.6678320002938563,788.0
DFS,82,12427,195,390,1,0,1.1700039999595901,1750.0
Dijkstra,82,12427,59,665,1,0,3.005667999786965,756.0
Greedy,82,12427,59,59,1,0,0.6285110002863803,756.0
ZEN,87,12432,59,346,1,0,2.5001779999911378,394.0
A*,87,12432,59,532,1,0,2.7970940000159317,784.0
Weighted A*,87,12432,59,59,1,0,0.33784599963837536,784.0
Chance-Constrained A*,87,12432,0,3601,0,0,33.88750700014498,0.0
CVaR A*,87,12432,0,3601,0,0,38.899261000096885,0.0
Risk-Penalized A*,87,12432,61,592,1,0,3.6723029998029233,388.0
Risk-Penalized Dijkstra,87,12432,61,613,1,0,3.0072800000198185,388.0
Risk-Penalized Greedy,87,12432,63,68,1,0,0.41171099974235403,530.0
REST A*,87,12432,59,423,1,0,4.505415000039648,392.0
BFS,87,12432,59,647,1,0,1.7351480000797892,773.0
DFS,87,12432,205,521,1,0,1.0364390000177082,1858.0
Dijkstra,87,12432,59,647,1,0,2.6345000001128938,784.0
Greedy,87,12432,59,59,1,0,0.2959090002150333,784.0
ZEN,85,12430,59,525,1,0,4.31582500004879,466.0
A*,85,12430,59,541,1,0,8.195536000130232,800.0
Weighted A*,85,12430,59,59,1,0,2.4486269999215438,800.0
Chance-Constrained A*,85,12430,0,3601,0,0,61.06787799990343,0.0
CVaR A*,85,12430,0,3601,0,0,48.866392000036285,0.0
Risk-Penalized A*,85,12430,63,620,1,0,3.588940000099683,448.0
Risk-Penalized Dijkstra,85,12430,63,627,1,0,2.8420900002856797,448.0
Risk-Penalized Greedy,85,12430,73,104,1,0,0.4969619999428687,520.0
REST A*,85,12430,59,535,1,0,6.499066000287712,456.0
BFS,85,12430,59,647,1,0,1.5486940001210314,788.0
DFS,85,12430,211,545,1,0,1.0824630003298807,1913.0
Dijkstra,85,12430,59,646,1,0,2.694705000067188,800.0
Greedy,85,12430,59,59,1,0,0.24215400026150746,800.0
ZEN,86,12431,59,592,1,0,18.597247999878164,357.0
A*,86,12431,59,593,1,0,8.805494999705843,780.0
Weighted A*,86,12431,59,59,1,0,1.3840769997841562,780.0
Chance-Constrained A*,86,12431,0,3601,0,0,54.56051999999545,0.0
CVaR A*,86,12431,0,3601,0,0,42.09550199993828,0.0
Risk-Penalized A*,86,12431,59,664,1,0,3.7976079997861234,350.0
Risk-Penalized Dijkstra,86,12431,59,668,1,0,3.2234579998657864,350.0
Risk-Penalized Greedy,86,12431,61,78,1,0,0.409615000080521,451.0
REST A*,86,12431,59,600,1,0,5.687269999725686,350.0
BFS,86,12431,59,674,1,0,2.022628999839071,795.0
DFS,86,12431,205,658,1,0,1.4938859999347187,1792.0
Dijkstra,86,12431,59,674,1,0,2.8109750001021894,780.0
Greedy,86,12431,59,59,1,0,0.2991029996337602,780.0
ZEN,88,12433,59,391,1,0,2.8214560002197686,398.0
A*,88,12433,59,563,1,0,2.810673000112729,828.0
Weighted A*,88,12433,59,59,1,0,0.4386699997667165,828.0
Chance-Constrained A*,88,12433,0,3601,0,0,34.14833399983763,0.0
CVaR A*,88,12433,0,3601,0,0,41.94167000014204,0.0
Risk-Penalized A*,88,12433,59,667,1,0,3.541792000305577,398.0
Risk-Penalized Dijkstra,88,12433,59,668,1,0,3.4156209999309795,398.0
Risk-Penalized Greedy,88,12433,71,76,1,0,0.4943110002386675,477.0
REST A*,88,12433,59,591,1,0,5.672081999819056,398.0
BFS,88,12433,59,668,1,0,1.7724290000842302,768.0
DFS,88,12433,203,582,1,0,1.263255999674584,1811.0
Dijkstra,88,12433,59,668,1,0,2.7745420002247556,828.0
Greedy,88,12433,59,59,1,0,0.27764000014940393,828.0
ZEN,84,12429,59,517,1,0,3.497748999961914,426.0
A*,84,12429,59,579,1,0,2.6900819998445513,808.0
Weighted A*,84,12429,59,59,1,0,0.3173549998791714,808.0
Chance-Constrained A*,84,12429,0,3601,0,0,117.11237200006508,0.0
CVaR A*,84,12429,0,3601,0,0,72.67860799993286,0.0
Risk-Penalized A*,84,12429,65,683,1,0,7.910195000022213,411.0
Risk-Penalized Dijkstra,84,12429,65,683,1,0,3.1677160000072035,411.0
Risk-Penalized Greedy,84,12429,69,88,1,0,0.4601510004249576,464.0
REST A*,84,12429,59,626,1,0,7.688314999995782,420.0
BFS,84,12429,59,683,1,0,4.8335360002056404,768.0
DFS,84,12429,169,326,1,0,0.5149749999873166,1586.0
Dijkstra,84,12429,59,683,1,0,3.118924000318657,808.0
Greedy,84,12429,59,59,1,0,0.3098879997196491,808.0
ZEN,91,12436,59,481,1,0,3.6189180000292254,389.0
A*,91,12436,59,488,1,0,2.522156999930303,790.0
Weighted A*,91,12436,59,59,1,0,0.39032799986671307,790.0
Chance-Constrained A*,91,12436,0,3601,0,0,36.56936199968186,0.0
CVaR A*,91,12436,0,3601,0,0,38.87220799970237,0.0
Risk-Penalized A*,91,12436,61,656,1,0,3.712608999649092,365.0
Risk-Penalized Dijkstra,91,12436,61,660,1,0,3.243020999889268,365.0
Risk-Penalized Greedy,91,12436,67,90,1,0,0.5090260001452407,428.0
REST A*,91,12436,59,449,1,0,4.805266999937885,389.0
BFS,91,12436,59,661,1,0,1.879517999896052,789.0
DFS,91,12436,235,558,1,0,1.0699340000428492,2086.0
Dijkstra,91,12436,59,661,1,0,2.7914570000575623,790.0
Greedy,91,12436,59,59,1,0,0.2855120001186151,790.0
ZEN,94,12439,59,535,1,0,3.9943900001162547,446.0
A*,94,12439,59,538,1,0,2.705035999952088,791.0
Weighted A*,94,12439,59,59,1,0,0.3460489997451077,791.0
Chance-Constrained A*,94,12439,0,3601,0,0,34.07800400009364,0.0
CVaR A*,94,12439,0,3601,0,0,40.36495199989076,0.0
Risk-Penalized A*,94,12439,63,657,1,0,3.7091479998707655,435.0
Risk-Penalized Dijkstra,94,12439,63,659,1,0,3.442637000262039,435.0
Risk-Penalized Greedy,94,12439,63,74,1,0,0.44046899984095944,493.0
REST A*,94,12439,59,551,1,0,5.244821999895066,446.0
BFS,94,12439,59,661,1,0,1.766907999808609,793.0
DFS,94,12439,151,329,1,0,0.6306170002972067,1336.0
Dijkstra,94,12439,59,661,1,0,2.815112999996927,791.0
Greedy,94,12439,59,59,1,0,0.31024699956105906,791.0
ZEN,93,12438,59,473,1,0,4.473027999665646,696.0
A*,93,12438,59,473,1,0,2.102109000134078,811.0
Weighted A*,93,12438,59,59,1,0,0.3431680001995119,811.0
Chance-Constrained A*,93,12438,0,3601,0,0,36.64890999971249,0.0
CVaR A*,93,12438,0,3601,0,0,54.217851999965205,0.0
Risk-Penalized A*,93,12438,63,655,1,0,12.769261999892478,438.0
Risk-Penalized Dijkstra,93,12438,63,657,1,0,9.755899000083446,438.0
Risk-Penalized Greedy,93,12438,59,63,1,0,0.3401439998924616,462.0
REST A*,93,12438,59,567,1,0,14.132485000118322,448.0
BFS,93,12438,59,656,1,0,4.597086000103445,759.0
DFS,93,12438,165,635,1,0,5.5207589998644835,1481.0
Dijkstra,93,12438,59,656,1,0,8.003671000096801,811.0
Greedy,93,12438,59,59,1,0,1.8651529999260674,811.0
ZEN,92,12437,59,595,1,0,5.693471000085992,400.0
A*,92,12437,59,596,1,0,2.7170969997314387,771.0
Weighted A*,92,12437,59,59,1,0,0.34740199998850585,771.0
Chance-Constrained A*,92,12437,0,3601,0,0,89.05502199968396,0.0
CVaR A*,92,12437,0,3601,0,0,43.60365799993815,0.0
Risk-Penalized A*,92,12437,59,666,1,0,5.889663000289147,400.0
Risk-Penalized Dijkstra,92,12437,59,666,1,0,3.1574079998790694,400.0
Risk-Penalized Greedy,92,12437,65,83,1,0,0.4614330000549671,463.0
REST A*,92,12437,61,593,1,0,5.058638999798859,415.0
BFS,92,12437,59,666,1,0,1.5798009999343776,762.0
DFS,92,12437,185,657,1,0,3.62044000030437,1512.0
Dijkstra,92,12437,59,666,1,0,3.5641439999380964,771.0
Greedy,92,12437,59,59,1,0,0.2826370000548195,771.0
ZEN,96,12441,59,303,1,0,2.157584000087809,483.0
A*,96,12441,59,564,1,0,2.922015999956784,774.0
Weighted A*,96,12441,59,59,1,0,0.34115000016754493,774.0
Chance-Constrained A*,96,12441,0,3601,0,0,36.54030100005912,0.0
CVaR A*,96,12441,0,3601,0,0,43.17110900001353,0.0
Risk-Penalized A*,96,12441,59,670,1,0,3.6594819998754247,424.0
Risk-Penalized Dijkstra,96,12441,59,670,1,0,3.278305000094406,424.0
Risk-Penalized Greedy,96,12441,67,75,1,0,0.43191300028411206,532.0
REST A*,96,12441,59,587,1,0,5.662344000029407,424.0
BFS,96,12441,59,670,1,0,1.8113619998985087,763.0
DFS,96,12441,237,612,1,0,1.1722350000127335,2071.0
Dijkstra,96,12441,59,670,1,0,2.7930629998991208,774.0
Greedy,96,12441,59,59,1,0,0.29810900014126673,774.0
ZEN,95,12440,59,237,1,0,2.587978999599727,576.0
A*,95,12440,59,371,1,0,1.4715039997099666,762.0
Weighted A*,95,12440,59,59,1,0,0.2817900003719842,762.0
Chance-Constrained A*,95,12440,0,3601,0,0,52.89103199993406,0.0
CVaR A*,95,12440,0,3601,0,0,71.68153700013136,0.0
Risk-Penalized A*,95,12440,65,652,1,0,3.8793389999227657,493.0
Risk-Penalized Dijkstra,95,12440,65,652,1,0,6.698662999951921,493.0
Risk-Penalized Greedy,95,12440,75,145,1,0,0.9127990001616126,580.0
REST A*,95,12440,63,593,1,0,11.23908699992171,531.0
BFS,95,12440,59,659,1,0,1.7499739997219876,768.0
DFS,95,12440,203,555,1,0,1.172329000382888,1719.0
Dijkstra,95,12440,59,658,1,0,2.8485889997682534,762.0
Greedy,95,12440,59,59,1,0,5.134934000125213,762.0
ZEN,89,12434,59,589,1,0,6.619778999720438,551.0
A*,89,12434,59,592,1,0,9.573109000029945,782.0
Weighted A*,89,12434,59,59,1,0,0.3597109998736414,782.0
Chance-Constrained A*,89,12434,0,3601,0,0,105.41034900006707,0.0
CVaR A*,89,12434,0,3601,0,0,152.2593740000957,0.0
Risk-Penalized A*,89,12434,65,670,1,0,5.674109000210592,410.0
Risk-Penalized Dijkstra,89,12434,65,670,1,0,6.344492000152968,410.0
Risk-Penalized Greedy,89,12434,63,72,1,0,0.40516499984732945,461.0
REST A*,89,12434,59,569,1,0,5.103034999592637,428.0
BFS,89,12434,59,670,1,0,1.7009210000651365,775.0
DFS,89,12434,197,630,1,0,2.5255750001633714,1730.0
Dijkstra,89,12434,59,670,1,0,3.338957999858394,782.0
Greedy,89,12434,59,59,1,0,0.25779099996725563,782.0
ZEN,97,12442,59,570,1,0,4.729517999749078,326.0
A*,97,12442,59,570,1,0,2.800437999667338,779.0
Weighted A*,97,12442,59,59,1,0,0.3451659999882395,779.0
Chance-Constrained A*,97,12442,0,3601,0,0,34.17367799966087,0.0
CVaR A*,97,12442,0,3601,0,0,39.09359499994025,0.0
Risk-Penalized A*,97,12442,59,616,1,0,3.3170370002153504,323.0
Risk-Penalized Dijkstra,97,12442,59,633,1,0,2.848913999969227,323.0
Risk-Penalized Greedy,97,12442,59,71,1,0,0.4183300002296164,331.0
REST A*,97,12442,59,510,1,0,4.9857519998113276,323.0
BFS,97,12442,59,672,1,0,1.938580000114598,714.0
DFS,97,12442,235,635,1,0,1.3735899997300294,2012.0
Dijkstra,97,12442,59,672,1,0,2.7052579998780857,779.0
Greedy,97,12442,59,59,1,0,0.2887360001295747,779.0
ZEN,99,12444,59,500,1,0,4.86895900030504,424.0
A*,99,12444,59,503,1,0,2.433310000014899,748.0
Weighted A*,99,12444,59,59,1,0,0.36512700035018497,748.0
Chance-Constrained A*,99,12444,0,3601,0,0,36.90416900008131,0.0
CVaR A*,99,12444,0,3601,0,0,45.63100699988354,0.0
Risk-Penalized A*,99,12444,63,665,1,0,3.3325469998999324,399.0
Risk-Penalized Dijkstra,99,12444,63,665,1,0,3.0320589999064396,399.0
Risk-Penalized Greedy,99,12444,75,128,1,0,0.6026229998497001,572.0
REST A*,99,12444,59,540,1,0,7.049284000004263,424.0
BFS,99,12444,59,665,1,0,1.6112499997689156,754.0
DFS,99,12444,157,568,1,0,0.9912189998431131,1250.0
Dijkstra,99,12444,59,665,1,0,2.7407590000620985,748.0
Greedy,99,12444,59,59,1,0,0.2801320001708518,748.0
ZEN,90,12435,59,566,1,0,4.736746000162384,386.0
A*,90,12435,59,623,1,0,3.508759999931499,777.0
Weighted A*,90,12435,59,59,1,0,0.4514260003816162,777.0
Chance-Constrained A*,90,12435,0,3601,0,0,68.24666000011348,0.0
CVaR A*,90,12435,0,3601,0,0,175.01797099976102,0.0
Risk-Penalized A*,90,12435,59,677,1,0,5.94080800010488,385.0
Risk-Penalized Dijkstra,90,12435,59,678,1,0,8.028890000332467,385.0
Risk-Penalized Greedy,90,12435,63,74,1,0,0.4496669998843572,445.0
REST A*,90,12435,59,579,1,0,13.427521000267006,394.0
BFS,90,12435,59,678,1,0,5.665782000050967,784.0
DFS,90,12435,171,641,1,0,3.0471240002043487,1449.0
Dijkstra,90,12435,59,678,1,0,3.0875340003149176,777.0
Greedy,90,12435,59,59,1,0,0.2749109999058419,777.0
ZEN,100,12445,59,530,1,0,3.9881180000520544,370.0
A*,100,12445,59,540,1,0,2.731579000283091,792.0
Weighted A*,100,12445,59,59,1,0,0.3278359999967506,792.0
Chance-Constrained A*,100,12445,0,3601,0,0,33.738438000000315,0.0
CVaR A*,100,12445,0,3601,0,0,36.26910499997393,0.0
Risk-Penalized A*,100,12445,59,655,1,0,3.499727999951574,366.0
Risk-Penalized Dijkstra,100,12445,59,661,1,0,2.989777999573562,366.0
Risk-Penalized Greedy,100,12445,65,80,1,0,0.40130399975168984,406.0
REST A*,100,12445,59,553,1,0,4.262192000169307,370.0
BFS,100,12445,59,661,1,0,1.3802580001538445,777.0
DFS,100,12445,171,486,1,0,0.8714350001355342,1368.0
Dijkstra,100,12445,59,661,1,0,2.2053500001675275,792.0
Greedy,100,12445,59,59,1,0,0.25868499960779445,792.0
ZEN,98,12443,59,578,1,0,12.392109000302298,421.0
A*,98,12443,59,590,1,0,9.592655000233208,838.0
Weighted A*,98,12443,59,59,1,0,0.31343299997388385,838.0
Chance-Constrained A*,98,12443,0,3601,0,0,86.99839599967163,0.0
CVaR A*,98,12443,0,3601,0,0,40.91558299978715,0.0
Risk-Penalized A*,98,12443,61,671,1,0,3.726737000306457,402.0
Risk-Penalized Dijkstra,98,12443,61,672,1,0,2.4150349995579745,402.0
Risk-Penalized Greedy,98,12443,67,82,1,0,0.34546500000942615,478.0
REST A*,98,12443,59,564,1,0,3.5169679999853543,421.0
BFS,98,12443,59,674,1,0,0.973804000295786,765.0
DFS,98,12443,161,410,1,0,0.639841000065644,1565.0
Dijkstra,98,12443,59,674,1,0,1.6654780001772451,838.0
Greedy,98,12443,59,59,1,0,0.16579599969190895,838.0
