Algorithm,Map,Path_Length,Visited,Success,Hesitations,Time_ms,Path_Risk_Score
ZEN,Sydney_1_512.map,629,60053,1,0,783.4956390142906,0.0
A*,Sydney_1_512.map,629,66171,1,0,577.376606001053,1134.0
Weighted A*,Sydney_1_512.map,665,975,1,0,8.940419997088611,2105.0
Chance-Constrained A*,Sydney_1_512.map,0,1048577,0,0,29293.438274995424,0.0
CVaR A*,Sydney_1_512.map,0,1048577,0,0,14834.47800000431,0.0
Risk-Penalized A*,Sydney_1_512.map,629,60109,1,0,544.2582469841,0.0
Risk-Penalized Dijkstra,Sydney_1_512.map,629,189859,1,0,1672.2020680026617,0.0
Risk-Penalized Greedy,Sydney_1_512.map,683,756,1,0,7.116244989447296,116.0
BFS,Sydney_1_512.map,629,190240,1,0,769.0717060177121,1973.0
DFS,Sydney_1_512.map,36621,158931,1,0,551.1176559957676,33871.0
Dijkstra,Sydney_1_512.map,629,190150,1,0,1340.6058439868502,1134.0
Greedy,Sydney_1_512.map,675,723,1,0,5.539770994801074,2384.0
ZEN,Moscow_2_512.map,575,17379,1,0,94.63061799760908,0.0
A*,Moscow_2_512.map,575,24195,1,0,118.4110539907124,2469.0
Weighted A*,Moscow_2_512.map,651,5335,1,0,31.335720006609336,3084.0
Chance-Constrained A*,Moscow_2_512.map,0,1048577,0,0,14011.53711398365,0.0
CVaR A*,Moscow_2_512.map,0,1048577,0,0,14042.8368949797,0.0
Risk-Penalized A*,Moscow_2_512.map,575,17379,1,0,95.36796502652578,0.0
Risk-Penalized Dijkstra,Moscow_2_512.map,575,180248,1,0,1071.574903005967,0.0
Risk-Penalized Greedy,Moscow_2_512.map,679,1278,1,0,5.4024730052333325,499.0
BFS,Moscow_2_512.map,575,182247,1,0,453.98241400835104,2431.0
DFS,Moscow_2_512.map,11033,186536,1,0,465.93665800173767,16809.0
Dijkstra,Moscow_2_512.map,575,182190,1,0,869.2238130024634,2469.0
Greedy,Moscow_2_512.map,705,1174,1,0,5.478028004290536,3783.0
ZEN,London_1_512.map,576,41964,1,0,213.19610698265024,918.0
A*,London_1_512.map,576,42987,1,0,175.51084299338982,1450.0
Weighted A*,London_1_512.map,626,6418,1,0,26.35925999493338,2684.0
Chance-Constrained A*,London_1_512.map,0,1048577,0,0,14992.41981000523,0.0
CVaR A*,London_1_512.map,0,1048577,0,0,14759.97872100561,0.0
Risk-Penalized A*,London_1_512.map,584,42657,1,0,310.148767021019,0.0
Risk-Penalized Dijkstra,London_1_512.map,584,165721,1,0,814.448030985659,0.0
Risk-Penalized Greedy,London_1_512.map,738,857,1,0,4.025580012239516,578.0
BFS,London_1_512.map,576,172107,1,0,376.1732430139091,1290.0
DFS,London_1_512.map,1702,6124,1,0,8.50755799910985,2757.0
Dijkstra,London_1_512.map,576,171746,1,0,714.5154169993475,1069.0
Greedy,London_1_512.map,736,830,1,0,3.493364987662062,3723.0
ZEN,Denver_1_1024.map,1115,19883,1,0,305.4239350021817,0.0
A*,Denver_1_1024.map,1115,202233,1,0,1719.383812014712,1260.0
Weighted A*,Denver_1_1024.map,1225,16582,1,0,143.352101003984,3539.0
Chance-Constrained A*,Denver_1_1024.map,0,4194305,0,0,84077.63013799558,0.0
CVaR A*,Denver_1_1024.map,0,4194305,0,0,81765.941346006,0.0
Risk-Penalized A*,Denver_1_1024.map,1115,195336,1,0,1105.089549993863,0.0
Risk-Penalized Dijkstra,Denver_1_1024.map,1115,769531,1,0,5389.426958019612,0.0
Risk-Penalized Greedy,Denver_1_1024.map,1323,10117,1,0,42.27778399945237,182.0
BFS,Denver_1_1024.map,1115,770160,1,0,2234.745057998225,1260.0
DFS,Denver_1_1024.map,50903,173422,1,0,338.41308701084927,13081.0
Dijkstra,Denver_1_1024.map,1115,769672,1,0,3927.412529999856,1260.0
Greedy,Denver_1_1024.map,1311,9825,1,0,43.72384000453167,4454.0
ZEN,Paris_2_512.map,472,2849,1,0,37.85567497834563,0.0
A*,Paris_2_512.map,472,17639,1,0,137.64117000391707,996.0
Weighted A*,Paris_2_512.map,482,522,1,0,5.697706015780568,854.0
Chance-Constrained A*,Paris_2_512.map,0,1048577,0,0,11831.397770001786,0.0
CVaR A*,Paris_2_512.map,0,1048577,0,0,16217.653391999193,0.0
Risk-Penalized A*,Paris_2_512.map,472,11917,1,0,103.26350401737729,0.0
Risk-Penalized Dijkstra,Paris_2_512.map,472,146333,1,0,1332.0262490015011,0.0
Risk-Penalized Greedy,Paris_2_512.map,476,476,1,0,4.8657940060365945,43.0
BFS,Paris_2_512.map,472,150895,1,0,614.3483560008463,996.0
DFS,Paris_2_512.map,8030,191449,1,0,787.6576309790835,5068.0
Dijkstra,Paris_2_512.map,472,150104,1,0,1146.2079449847806,996.0
Greedy,Paris_2_512.map,534,614,1,0,5.232555005932227,1293.0
ZEN,NewYork_2_512.map,650,38568,1,0,367.5997930113226,0.0
A*,NewYork_2_512.map,650,43279,1,0,257.71030501346104,2849.0
Weighted A*,NewYork_2_512.map,738,2621,1,0,10.57645899709314,1776.0
Chance-Constrained A*,NewYork_2_512.map,0,1048577,0,0,12574.493109015748,0.0
CVaR A*,NewYork_2_512.map,0,1048577,0,0,13011.419748014305,0.0
Risk-Penalized A*,NewYork_2_512.map,650,38568,1,0,212.8924099961296,0.0
Risk-Penalized Dijkstra,NewYork_2_512.map,650,188217,1,0,1427.9080150008667,0.0
Risk-Penalized Greedy,NewYork_2_512.map,756,816,1,0,8.420967002166435,208.0
BFS,NewYork_2_512.map,650,189007,1,0,798.601525981212,2509.0
DFS,NewYork_2_512.map,24512,180797,1,0,732.292316009989,13845.0
Dijkstra,NewYork_2_512.map,650,188942,1,0,1357.2227230179124,2849.0
Greedy,NewYork_2_512.map,756,804,1,0,6.984133971855044,2009.0
ZEN,Sydney_1_256.map,295,12998,1,0,100.7609840016812,9.0
A*,Sydney_1_256.map,295,13689,1,0,70.46376500511542,1229.0
Weighted A*,Sydney_1_256.map,297,307,1,0,2.891569019993767,1236.0
Chance-Constrained A*,Sydney_1_256.map,0,262145,0,0,3446.0998669965197,0.0
CVaR A*,Sydney_1_256.map,0,262145,0,0,3862.010273005581,0.0
Risk-Penalized A*,Sydney_1_256.map,295,13802,1,0,117.71352199139072,9.0
Risk-Penalized Dijkstra,Sydney_1_256.map,295,44775,1,0,317.46165399090387,9.0
Risk-Penalized Greedy,Sydney_1_256.map,301,309,1,0,2.6944720011670142,38.0
BFS,Sydney_1_256.map,295,44930,1,0,142.29548501316458,675.0
DFS,Sydney_1_256.map,4671,28264,1,0,78.77622201340273,5395.0
Dijkstra,Sydney_1_256.map,295,44814,1,0,244.44703498738815,1229.0
Greedy,Sydney_1_256.map,301,303,1,0,1.975166000192985,1296.0
ZEN,Moscow_1_256.map,278,7176,1,0,85.80110999173485,207.0
A*,Moscow_1_256.map,278,7254,1,0,45.31856000539847,1178.0
Weighted A*,Moscow_1_256.map,316,1707,1,0,10.731057991506532,1024.0
Chance-Constrained A*,Moscow_1_256.map,0,262145,0,0,3629.103037994355,0.0
CVaR A*,Moscow_1_256.map,0,262145,0,0,3968.0878589861095,0.0
Risk-Penalized A*,Moscow_1_256.map,306,13835,1,0,102.71192199434154,14.0
Risk-Penalized Dijkstra,Moscow_1_256.map,306,42649,1,0,306.1875519924797,14.0
Risk-Penalized Greedy,Moscow_1_256.map,326,423,1,0,3.1648279982618988,282.0
BFS,Moscow_1_256.map,278,41158,1,0,139.7619209892582,1160.0
DFS,Moscow_1_256.map,1736,4794,1,0,9.24730600672774,2571.0
Dijkstra,Moscow_1_256.map,278,41004,1,0,228.6681889963802,1178.0
Greedy,Moscow_1_256.map,324,376,1,0,2.6621159922797237,1127.0
ZEN,Paris_1_1024.map,1238,209044,1,0,1706.0162779816892,235.0
A*,Paris_1_1024.map,1238,211142,1,0,1295.8922020043246,3885.0
Weighted A*,Paris_1_1024.map,1446,65102,1,0,473.6832299968228,4256.0
Chance-Constrained A*,Paris_1_1024.map,0,4194305,0,0,245189.2508569872,0.0
CVaR A*,Paris_1_1024.map,0,4194305,0,0,76254.61676102714,0.0
Risk-Penalized A*,Paris_1_1024.map,1242,215198,1,0,2377.849253010936,12.0
Risk-Penalized Dijkstra,Paris_1_1024.map,1242,768619,1,0,7950.931961997412,12.0
Risk-Penalized Greedy,Paris_1_1024.map,1722,15138,1,0,97.59114499320276,736.0
BFS,Paris_1_1024.map,1238,774350,1,0,3568.4744059981317,6545.0
DFS,Paris_1_1024.map,74128,463901,1,0,1831.4337329939008,50487.0
Dijkstra,Paris_1_1024.map,1238,773657,1,0,6852.737587993033,3885.0
Greedy,Paris_1_1024.map,1770,14652,1,0,101.10182099742816,8605.0
ZEN,NewYork_2_256.map,282,7316,1,0,54.81488999794237,572.0
A*,NewYork_2_256.map,282,7577,1,0,32.61520800879225,1133.0
Weighted A*,NewYork_2_256.map,298,3084,1,0,19.96315197902732,1038.0
Chance-Constrained A*,NewYork_2_256.map,0,262145,0,0,3283.3035579824354,0.0
CVaR A*,NewYork_2_256.map,0,262145,0,0,3992.542255000444,0.0
Risk-Penalized A*,NewYork_2_256.map,380,18052,1,0,129.12218499695882,0.0
Risk-Penalized Dijkstra,NewYork_2_256.map,380,47320,1,0,332.1505339990836,0.0
Risk-Penalized Greedy,NewYork_2_256.map,396,1366,1,0,9.388611011672763,400.0
BFS,NewYork_2_256.map,282,43313,1,0,140.95105201704428,1211.0
DFS,NewYork_2_256.map,4634,16253,1,0,38.01351599395275,8451.0
Dijkstra,NewYork_2_256.map,282,43125,1,0,251.9670540059451,1132.0
Greedy,NewYork_2_256.map,404,1228,1,0,6.233927997527644,1987.0
ZEN,Sydney_1_1024.map,991,1829,1,0,30.76649099239148,0.0
A*,Sydney_1_1024.map,991,161044,1,0,1337.3367969761605,811.0
Weighted A*,Sydney_1_1024.map,1027,1410,1,0,14.705637004226446,1413.0
Chance-Constrained A*,Sydney_1_1024.map,0,4194305,0,0,92652.12922100908,0.0
CVaR A*,Sydney_1_1024.map,0,4194305,0,0,102953.93265099848,0.0
Risk-Penalized A*,Sydney_1_1024.map,991,154962,1,0,961.0269850236364,0.0
Risk-Penalized Dijkstra,Sydney_1_1024.map,991,769110,1,0,6255.220085004112,0.0
Risk-Penalized Greedy,Sydney_1_1024.map,1051,1051,1,0,6.634624005528167,257.0
BFS,Sydney_1_1024.map,991,769493,1,0,2968.931162002264,811.0
DFS,Sydney_1_1024.map,66265,146784,1,0,665.4104809858836,11885.0
Dijkstra,Sydney_1_1024.map,991,769240,1,0,5814.505468995776,811.0
Greedy,Sydney_1_1024.map,1055,1057,1,0,5.934740009251982,2027.0
ZEN,Moscow_2_256.map,326,10536,1,0,58.17728000693023,216.0
A*,Moscow_2_256.map,326,10734,1,0,178.44529601279646,1316.0
Weighted A*,Moscow_2_256.map,392,5772,1,0,29.88545998232439,1664.0
Chance-Constrained A*,Moscow_2_256.map,0,262145,0,0,2301.004216016736,0.0
CVaR A*,Moscow_2_256.map,0,262145,0,0,2659.2803499952424,0.0
Risk-Penalized A*,Moscow_2_256.map,348,32753,1,0,149.13342602085322,89.0
Risk-Penalized Dijkstra,Moscow_2_256.map,348,46336,1,0,190.1019350043498,89.0
Risk-Penalized Greedy,Moscow_2_256.map,490,996,1,0,3.590735985198989,389.0
BFS,Moscow_2_256.map,326,44899,1,0,76.89071499044076,1327.0
DFS,Moscow_2_256.map,5212,40157,1,0,63.95424299989827,12608.0
Dijkstra,Moscow_2_256.map,326,44868,1,0,157.09358398453332,1316.0
Greedy,Moscow_2_256.map,454,892,1,0,2.778288995614276,2011.0
ZEN,London_1_1024.map,1318,222075,1,0,2612.833255989244,0.0
A*,London_1_1024.map,1318,238550,1,0,2076.86579998699,1286.0
Weighted A*,London_1_1024.map,1464,10867,1,0,106.133982015308,2863.0
Chance-Constrained A*,London_1_1024.map,0,4194305,0,0,68317.41895599407,0.0
CVaR A*,London_1_1024.map,0,4194305,0,0,105164.6920889907,0.0
Risk-Penalized A*,London_1_1024.map,1318,222075,1,0,1261.7212579934858,0.0
Risk-Penalized Dijkstra,London_1_1024.map,1318,716683,1,0,4126.215952011989,0.0
Risk-Penalized Greedy,London_1_1024.map,1700,2021,1,0,11.744599003577603,771.0
BFS,London_1_1024.map,1318,721042,1,0,1824.391920992639,6133.0
DFS,London_1_1024.map,45302,529870,1,0,1287.018723989604,48211.0
Dijkstra,London_1_1024.map,1318,720909,1,0,5719.792442017933,1286.0
Greedy,London_1_1024.map,1714,1919,1,0,17.093836999265477,5469.0
ZEN,Moscow_0_512.map,599,39155,1,0,423.8383600022644,422.0
A*,Moscow_0_512.map,599,39754,1,0,280.40598999359645,1738.0
Weighted A*,Moscow_0_512.map,663,27206,1,0,215.06651400704868,2528.0
Chance-Constrained A*,Moscow_0_512.map,0,1048577,0,0,16755.053407978266,0.0
CVaR A*,Moscow_0_512.map,0,1048577,0,0,42565.470567002194,0.0
Risk-Penalized A*,Moscow_0_512.map,609,47738,1,0,394.1714450193104,4.0
Risk-Penalized Dijkstra,Moscow_0_512.map,609,178520,1,0,1486.9905789964832,4.0
Risk-Penalized Greedy,Moscow_0_512.map,751,10001,1,0,43.244250991847366,214.0
BFS,Moscow_0_512.map,599,179886,1,0,559.5541110087652,1754.0
DFS,Moscow_0_512.map,10937,93638,1,0,346.2528999953065,20575.0
Dijkstra,Moscow_0_512.map,599,179819,1,0,1329.6885769814253,1786.0
Greedy,Moscow_0_512.map,753,9749,1,0,59.13254999904893,3170.0
ZEN,Denver_2_1024.map,1127,204054,1,0,2247.435885015875,0.0
A*,Denver_2_1024.map,1127,213485,1,0,1885.81057699048,5817.0
Weighted A*,Denver_2_1024.map,1181,4135,1,0,36.30105601041578,2574.0
Chance-Constrained A*,Denver_2_1024.map,0,4194305,0,0,90190.39372101544,0.0
CVaR A*,Denver_2_1024.map,0,4194305,0,0,75081.74177000183,0.0
Risk-Penalized A*,Denver_2_1024.map,1127,204286,1,0,2022.8889240243009,0.0
Risk-Penalized Dijkstra,Denver_2_1024.map,1127,750786,1,0,7992.9371920006815,0.0
Risk-Penalized Greedy,Denver_2_1024.map,1195,2029,1,0,19.95114699820988,34.0
BFS,Denver_2_1024.map,1127,751232,1,0,3670.546460984042,4341.0
DFS,Denver_2_1024.map,148293,701345,1,0,2952.755278995028,36322.0
Dijkstra,Denver_2_1024.map,1127,750970,1,0,6521.149294014322,5817.0
Greedy,Denver_2_1024.map,1187,1918,1,0,16.651198006002232,2811.0
ZEN,NewYork_2_1024.map,1331,3922,1,0,59.63679699925706,0.0
A*,NewYork_2_1024.map,1331,185352,1,0,1549.2789590207394,3083.0
Weighted A*,NewYork_2_1024.map,1355,4514,1,0,46.22478398960084,3103.0
Chance-Constrained A*,NewYork_2_1024.map,0,4194305,0,0,89339.18711400474,0.0
CVaR A*,NewYork_2_1024.map,0,4194305,0,0,107570.26267799664,0.0
Risk-Penalized A*,NewYork_2_1024.map,1331,157787,1,0,1548.0118230043445,0.0
Risk-Penalized Dijkstra,NewYork_2_1024.map,1331,776428,1,0,8130.20160299493,0.0
Risk-Penalized Greedy,NewYork_2_1024.map,1453,1457,1,0,17.197267996380106,1429.0
BFS,NewYork_2_1024.map,1331,776954,1,0,3592.569016997004,3083.0
DFS,NewYork_2_1024.map,77905,262753,1,0,895.4419799847528,37118.0
Dijkstra,NewYork_2_1024.map,1331,776727,1,0,6865.156371000921,3083.0
Greedy,NewYork_2_1024.map,1447,1448,1,0,14.438687998335809,3495.0
ZEN,Berlin_1_256.map,368,11773,1,0,100.47373399720529,15.0
A*,Berlin_1_256.map,368,18100,1,0,128.96389098023064,1537.0
Weighted A*,Berlin_1_256.map,414,1055,1,0,8.878052001819015,1480.0
Chance-Constrained A*,Berlin_1_256.map,0,262145,0,0,3525.7886439794675,0.0
CVaR A*,Berlin_1_256.map,0,262145,0,0,3967.593648994807,0.0
Risk-Penalized A*,Berlin_1_256.map,368,11977,1,0,91.13429801072924,15.0
Risk-Penalized Dijkstra,Berlin_1_256.map,368,40989,1,0,299.7287029866129,15.0
Risk-Penalized Greedy,Berlin_1_256.map,418,588,1,0,4.915664001600817,348.0
BFS,Berlin_1_256.map,368,43051,1,0,142.61332000023685,1537.0
DFS,Berlin_1_256.map,7574,24770,1,0,58.501913998043165,14876.0
Dijkstra,Berlin_1_256.map,368,42978,1,0,234.8492069868371,1537.0
Greedy,Berlin_1_256.map,416,511,1,0,2.975356008391828,1513.0
ZEN,Denver_1_256.map,213,5123,1,0,38.037371006794274,0.0
A*,Denver_1_256.map,213,7347,1,0,37.79506401042454,493.0
Weighted A*,Denver_1_256.map,213,213,1,0,1.7196690023411063,493.0
Chance-Constrained A*,Denver_1_256.map,0,262145,0,0,3836.470426002052,0.0
CVaR A*,Denver_1_256.map,0,262145,0,0,4003.849497006741,0.0
Risk-Penalized A*,Denver_1_256.map,213,5213,1,0,40.01301000243984,0.0
Risk-Penalized Dijkstra,Denver_1_256.map,213,43386,1,0,346.35455801617354,0.0
Risk-Penalized Greedy,Denver_1_256.map,213,213,1,0,2.685660991119221,0.0
BFS,Denver_1_256.map,213,44066,1,0,160.0745620089583,529.0
DFS,Denver_1_256.map,9963,45130,1,0,141.49544000974856,10024.0
Dijkstra,Denver_1_256.map,213,44046,1,0,282.6531220052857,493.0
Greedy,Denver_1_256.map,213,213,1,0,1.7697490111459049,493.0
ZEN,Denver_0_1024.map,825,825,1,0,26.23213300830685,0.0
A*,Denver_0_1024.map,825,139290,1,0,1059.7180749755353,0.0
Weighted A*,Denver_0_1024.map,825,825,1,0,7.674589025555178,0.0
Chance-Constrained A*,Denver_0_1024.map,0,4194305,0,0,220711.60298297764,0.0
CVaR A*,Denver_0_1024.map,0,4194305,0,0,149700.0301190128,0.0
Risk-Penalized A*,Denver_0_1024.map,825,136824,1,0,1362.9019880027045,0.0
Risk-Penalized Dijkstra,Denver_0_1024.map,825,732560,1,0,8072.877803992014,0.0
Risk-Penalized Greedy,Denver_0_1024.map,825,825,1,0,9.80434802477248,0.0
BFS,Denver_0_1024.map,825,733972,1,0,3625.454853987321,0.0
DFS,Denver_0_1024.map,71829,149505,1,0,246.71558299451132,22484.0
Dijkstra,Denver_0_1024.map,825,733135,1,0,5503.452459000982,0.0
Greedy,Denver_0_1024.map,825,825,1,0,5.277223011944443,0.0
ZEN,Paris_0_512.map,533,2495,1,0,18.875958980061117,0.0
A*,Paris_0_512.map,533,28423,1,0,116.3076649827417,1190.0
Weighted A*,Paris_0_512.map,553,2666,1,0,14.84456198522821,931.0
Chance-Constrained A*,Paris_0_512.map,0,1048577,0,0,11937.17016800656,0.0
CVaR A*,Paris_0_512.map,0,1048577,0,0,13466.98575798655,0.0
Risk-Penalized A*,Paris_0_512.map,533,23900,1,0,129.17063999339007,0.0
Risk-Penalized Dijkstra,Paris_0_512.map,533,182126,1,0,947.095208975952,0.0
Risk-Penalized Greedy,Paris_0_512.map,631,1532,1,0,6.159003998618573,171.0
BFS,Paris_0_512.map,533,183013,1,0,427.07405099645257,1190.0
DFS,Paris_0_512.map,23445,62557,1,0,92.69133198540658,19564.0
Dijkstra,Paris_0_512.map,533,182844,1,0,907.5949060206768,1190.0
Greedy,Paris_0_512.map,631,1442,1,0,9.968363010557368,1658.0
ZEN,Moscow_2_1024.map,1193,141877,1,0,833.5166639881209,209.0
A*,Moscow_2_1024.map,1193,147042,1,0,663.8283199863508,1789.0
Weighted A*,Moscow_2_1024.map,1195,1216,1,0,6.545490003190935,1863.0
Chance-Constrained A*,Moscow_2_1024.map,0,4194305,0,0,102112.97659701086,0.0
CVaR A*,Moscow_2_1024.map,0,4194305,0,0,73793.87505701743,0.0
Risk-Penalized A*,Moscow_2_1024.map,1205,149628,1,0,897.7486939984374,0.0
Risk-Penalized Dijkstra,Moscow_2_1024.map,1205,689346,1,0,4335.700449009892,0.0
Risk-Penalized Greedy,Moscow_2_1024.map,1203,1203,1,0,6.8185230193194,52.0
BFS,Moscow_2_1024.map,1193,687556,1,0,1873.9400090125853,2090.0
DFS,Moscow_2_1024.map,19915,581122,1,0,1656.0371610103175,13191.0
Dijkstra,Moscow_2_1024.map,1193,686795,1,0,3514.4511009857524,1737.0
Greedy,Moscow_2_1024.map,1195,1196,1,0,5.756841972470284,1863.0
ZEN,Moscow_1_512.map,446,15232,1,0,124.35831999755464,268.0
A*,Moscow_1_512.map,446,15276,1,0,56.73526399186812,774.0
Weighted A*,Moscow_1_512.map,516,4898,1,0,21.712283021770418,1092.0
Chance-Constrained A*,Moscow_1_512.map,0,1048577,0,0,11591.304578003474,0.0
CVaR A*,Moscow_1_512.map,0,1048577,0,0,13741.403226013064,0.0
Risk-Penalized A*,Moscow_1_512.map,452,16103,1,0,151.12597699044272,2.0
Risk-Penalized Dijkstra,Moscow_1_512.map,452,165194,1,0,1659.480127011193,2.0
Risk-Penalized Greedy,Moscow_1_512.map,572,1131,1,0,8.694007992744446,289.0
BFS,Moscow_1_512.map,446,166429,1,0,740.7105920137838,790.0
DFS,Moscow_1_512.map,17950,80436,1,0,171.37831999571063,14727.0
Dijkstra,Moscow_1_512.map,446,165941,1,0,635.7095229905099,653.0
Greedy,Moscow_1_512.map,578,990,1,0,3.456804988672957,2125.0
ZEN,Berlin_0_1024.map,1391,218943,1,0,2797.635625989642,1285.0
A*,Berlin_0_1024.map,1391,226561,1,0,1988.2435469771733,3968.0
Weighted A*,Berlin_0_1024.map,1441,142087,1,0,1468.2398690201808,3384.0
Chance-Constrained A*,Berlin_0_1024.map,0,4194305,0,0,78041.98480700143,0.0
CVaR A*,Berlin_0_1024.map,0,4194305,0,0,91763.26792300097,0.0
Risk-Penalized A*,Berlin_0_1024.map,1423,245729,1,0,1513.2516069861597,5.0
Risk-Penalized Dijkstra,Berlin_0_1024.map,1423,727149,1,0,5202.631692984141,5.0
Risk-Penalized Greedy,Berlin_0_1024.map,1645,23054,1,0,155.45017999829724,1220.0
BFS,Berlin_0_1024.map,1391,720736,1,0,3345.2334809990134,3968.0
DFS,Berlin_0_1024.map,35749,183776,1,0,679.2426980100572,19554.0
Dijkstra,Berlin_0_1024.map,1391,720465,1,0,5560.293516988168,3968.0
Greedy,Berlin_0_1024.map,1679,20767,1,0,150.93772701220587,5809.0
ZEN,Shanghai_1_1024.map,1347,280636,1,0,3455.160245008301,0.0
A*,Shanghai_1_1024.map,1347,299496,1,0,2680.7606799993664,4394.0
Weighted A*,Shanghai_1_1024.map,1403,3306,1,0,26.71483997255564,4738.0
Chance-Constrained A*,Shanghai_1_1024.map,0,4194305,0,0,112426.71801499093,0.0
CVaR A*,Shanghai_1_1024.map,0,4194305,0,0,76362.63506201794,0.0
Risk-Penalized A*,Shanghai_1_1024.map,1347,280636,1,0,2836.389272997621,0.0
Risk-Penalized Dijkstra,Shanghai_1_1024.map,1347,733269,1,0,6539.320192008745,0.0
Risk-Penalized Greedy,Shanghai_1_1024.map,1429,2045,1,0,21.419395983684808,63.0
BFS,Shanghai_1_1024.map,1347,733757,1,0,4170.100183982868,1800.0
DFS,Shanghai_1_1024.map,110249,460059,1,0,1897.6044599839952,55914.0
Dijkstra,Shanghai_1_1024.map,1347,733446,1,0,5605.906916985987,4394.0
Greedy,Shanghai_1_1024.map,1441,1937,1,0,10.386540001491085,5114.0
ZEN,Shanghai_2_512.map,474,29222,1,0,145.38616000209004,0.0
A*,Shanghai_2_512.map,474,34573,1,0,147.26247900398448,1052.0
Weighted A*,Shanghai_2_512.map,500,1792,1,0,9.558559017023072,1551.0
Chance-Constrained A*,Shanghai_2_512.map,0,1048577,0,0,11308.17376502091,0.0
CVaR A*,Shanghai_2_512.map,0,1048577,0,0,19060.90004800353,0.0
Risk-Penalized A*,Shanghai_2_512.map,474,29266,1,0,262.8416579973418,0.0
Risk-Penalized Dijkstra,Shanghai_2_512.map,474,181235,1,0,1663.066189008532,0.0
Risk-Penalized Greedy,Shanghai_2_512.map,550,1668,1,0,12.055161991156638,121.0
BFS,Shanghai_2_512.map,474,183845,1,0,758.7180270056706,2352.0
DFS,Shanghai_2_512.map,16394,116504,1,0,428.7367250071839,18179.0
Dijkstra,Shanghai_2_512.map,474,183561,1,0,1312.1867309964728,1052.0
Greedy,Shanghai_2_512.map,558,1558,1,0,9.774164005648345,1992.0
ZEN,Boston_2_256.map,263,1245,1,0,14.769372006412596,0.0
A*,Boston_2_256.map,263,9256,1,0,57.35733400797472,499.0
Weighted A*,Boston_2_256.map,291,1041,1,0,9.452591999433936,515.0
Chance-Constrained A*,Boston_2_256.map,0,262145,0,0,3557.4217659886926,0.0
CVaR A*,Boston_2_256.map,0,262145,0,0,2647.9277620092034,0.0
Risk-Penalized A*,Boston_2_256.map,263,7964,1,0,33.156769000925124,0.0
Risk-Penalized Dijkstra,Boston_2_256.map,263,45255,1,0,226.25678300391883,0.0
Risk-Penalized Greedy,Boston_2_256.map,335,362,1,0,2.852104022167623,293.0
BFS,Boston_2_256.map,263,45807,1,0,153.1716890167445,499.0
DFS,Boston_2_256.map,3387,11077,1,0,21.94624597905204,6229.0
Dijkstra,Boston_2_256.map,263,45643,1,0,263.7998970167246,499.0
Greedy,Boston_2_256.map,339,356,1,0,2.5067609967663884,1222.0
ZEN,Boston_0_1024.map,1145,64283,1,0,601.501990982797,0.0
A*,Boston_0_1024.map,1145,81988,1,0,662.8291190136224,4561.0
Weighted A*,Boston_0_1024.map,1239,9640,1,0,80.13695699628443,4037.0
Chance-Constrained A*,Boston_0_1024.map,0,4194305,0,0,84760.6428200088,0.0
CVaR A*,Boston_0_1024.map,0,4194305,0,0,98583.58030000818,0.0
Risk-Penalized A*,Boston_0_1024.map,1145,64283,1,0,408.5544479894452,0.0
Risk-Penalized Dijkstra,Boston_0_1024.map,1145,754012,1,0,4837.194816005649,0.0
Risk-Penalized Greedy,Boston_0_1024.map,1681,2839,1,0,14.11434999317862,1085.0
BFS,Boston_0_1024.map,1145,762144,1,0,2881.7828790051863,3527.0
DFS,Boston_0_1024.map,53421,630094,1,0,2712.5760889903177,56301.0
Dijkstra,Boston_0_1024.map,1145,761815,1,0,6821.218967990717,4561.0
Greedy,Boston_0_1024.map,1693,2725,1,0,22.03191499575041,5900.0
ZEN,Berlin_0_512.map,837,4903,1,0,35.56570201180875,0.0
A*,Berlin_0_512.map,837,44740,1,0,183.3287189947441,3408.0
Weighted A*,Berlin_0_512.map,925,7904,1,0,35.50372799509205,3391.0
Chance-Constrained A*,Berlin_0_512.map,0,1048577,0,0,19489.899053995032,0.0
CVaR A*,Berlin_0_512.map,0,1048577,0,0,20279.61136898375,0.0
Risk-Penalized A*,Berlin_0_512.map,837,38111,1,0,357.9101819777861,0.0
Risk-Penalized Dijkstra,Berlin_0_512.map,837,164784,1,0,1521.504642005311,0.0
Risk-Penalized Greedy,Berlin_0_512.map,1251,3636,1,0,27.197874995181337,1342.0
BFS,Berlin_0_512.map,837,168449,1,0,714.2986189865042,3408.0
DFS,Berlin_0_512.map,8665,171560,1,0,694.2453180090524,7863.0
Dijkstra,Berlin_0_512.map,837,168192,1,0,1233.377238997491,3408.0
Greedy,Berlin_0_512.map,1227,3422,1,0,23.187457991298288,5257.0
ZEN,Milan_1_256.map,295,11350,1,0,132.33832499827258,40.0
A*,Milan_1_256.map,295,12817,1,0,68.87409501359798,506.0
Weighted A*,Milan_1_256.map,311,2956,1,0,19.21368800685741,838.0
Chance-Constrained A*,Milan_1_256.map,0,262145,0,0,3975.06323698326,0.0
CVaR A*,Milan_1_256.map,0,262145,0,0,4323.599926981842,0.0
Risk-Penalized A*,Milan_1_256.map,297,13144,1,0,92.84736099652946,15.0
Risk-Penalized Dijkstra,Milan_1_256.map,297,44437,1,0,321.8810069956817,15.0
Risk-Penalized Greedy,Milan_1_256.map,363,2359,1,0,12.463488994399086,145.0
BFS,Milan_1_256.map,295,45979,1,0,151.64234500844032,506.0
DFS,Milan_1_256.map,1891,20535,1,0,61.2242899951525,4895.0
Dijkstra,Milan_1_256.map,295,45915,1,0,264.4677789940033,506.0
Greedy,Milan_1_256.map,357,2283,1,0,11.675335001200438,728.0
ZEN,Berlin_2_256.map,300,2751,1,0,29.406269983155653,184.0
A*,Berlin_2_256.map,300,5380,1,0,33.255025977268815,909.0
Weighted A*,Berlin_2_256.map,342,2945,1,0,21.93606400396675,1426.0
Chance-Constrained A*,Berlin_2_256.map,0,262145,0,0,3457.322587026283,0.0
CVaR A*,Berlin_2_256.map,0,262145,0,0,3643.3952630031854,0.0
Risk-Penalized A*,Berlin_2_256.map,300,5142,1,0,38.98929699789733,96.0
Risk-Penalized Dijkstra,Berlin_2_256.map,300,31817,1,0,230.1175149914343,96.0
Risk-Penalized Greedy,Berlin_2_256.map,384,1641,1,0,9.908080013701692,431.0
BFS,Berlin_2_256.map,300,35200,1,0,116.48228502599522,909.0
DFS,Berlin_2_256.map,1342,14375,1,0,42.359151993878186,1915.0
Dijkstra,Berlin_2_256.map,300,35050,1,0,204.6666450041812,909.0
Greedy,Berlin_2_256.map,378,1924,1,0,10.474143025930973,1807.0
ZEN,Milan_2_1024.map,1299,193587,1,0,1925.14337998,79.0
A*,Milan_2_1024.map,1299,193692,1,0,1558.0460529890845,2342.0
Weighted A*,Milan_2_1024.map,1385,11590,1,0,109.79461300303228,3166.0
Chance-Constrained A*,Milan_2_1024.map,0,4194305,0,0,104114.46514597628,0.0
CVaR A*,Milan_2_1024.map,0,4194305,0,0,254410.02449102237,0.0
Risk-Penalized A*,Milan_2_1024.map,1303,193575,1,0,3530.353149981238,0.0
Risk-Penalized Dijkstra,Milan_2_1024.map,1303,708089,1,0,10541.206599998986,0.0
Risk-Penalized Greedy,Milan_2_1024.map,1545,4892,1,0,33.043636998627335,392.0
BFS,Milan_2_1024.map,1299,710901,1,0,3766.214811999816,3032.0
DFS,Milan_2_1024.map,72839,405063,1,0,1743.308628007071,34219.0
Dijkstra,Milan_2_1024.map,1299,710791,1,0,6435.028093983419,2341.0
Greedy,Milan_2_1024.map,1545,4645,1,0,35.45297897653654,4642.0
ZEN,Sydney_2_256.map,209,317,1,0,3.178901999490336,0.0
A*,Sydney_2_256.map,209,7172,1,0,39.12027698243037,684.0
Weighted A*,Sydney_2_256.map,209,805,1,0,5.686592019628733,684.0
Chance-Constrained A*,Sydney_2_256.map,0,262145,0,0,2936.0249000019394,0.0
CVaR A*,Sydney_2_256.map,0,262145,0,0,3338.5383040003944,0.0
Risk-Penalized A*,Sydney_2_256.map,209,6412,1,0,38.45349999028258,0.0
Risk-Penalized Dijkstra,Sydney_2_256.map,209,43254,1,0,324.5734180090949,0.0
Risk-Penalized Greedy,Sydney_2_256.map,215,2716,1,0,15.24267697823234,26.0
BFS,Sydney_2_256.map,209,44267,1,0,153.80160100176,684.0
DFS,Sydney_2_256.map,3801,9881,1,0,20.228339009918272,2750.0
Dijkstra,Sydney_2_256.map,209,44034,1,0,260.31335099833086,684.0
Greedy,Sydney_2_256.map,321,2603,1,0,12.980637984583154,966.0
ZEN,London_1_256.map,295,8797,1,0,90.85167100420222,6.0
A*,London_1_256.map,295,10784,1,0,57.02385198674165,752.0
Weighted A*,London_1_256.map,317,835,1,0,4.879260988673195,872.0
Chance-Constrained A*,London_1_256.map,0,262145,0,0,3510.9836949850437,0.0
CVaR A*,London_1_256.map,0,262145,0,0,4129.765482997755,0.0
Risk-Penalized A*,London_1_256.map,295,10525,1,0,80.06618800573051,6.0
Risk-Penalized Dijkstra,London_1_256.map,295,40215,1,0,283.86190099990927,6.0
Risk-Penalized Greedy,London_1_256.map,319,460,1,0,3.186143992934376,83.0
BFS,London_1_256.map,295,44756,1,0,142.6877870108001,752.0
DFS,London_1_256.map,1851,36370,1,0,111.84755701106042,4264.0
Dijkstra,London_1_256.map,295,44630,1,0,248.81675699725747,752.0
Greedy,London_1_256.map,323,430,1,0,2.3686380009166896,909.0
ZEN,Milan_0_1024.map,1126,92429,1,0,820.0094820058439,244.0
A*,Milan_0_1024.map,1126,97277,1,0,760.955569014186,2935.0
Weighted A*,Milan_0_1024.map,1162,2199,1,0,22.36384098068811,3932.0
Chance-Constrained A*,Milan_0_1024.map,0,4194305,0,0,69307.30647398741,0.0
CVaR A*,Milan_0_1024.map,0,4194305,0,0,56287.31246001553,0.0
Risk-Penalized A*,Milan_0_1024.map,1130,93014,1,0,391.4979239925742,0.0
Risk-Penalized Dijkstra,Milan_0_1024.map,1130,669590,1,0,2810.9203320054803,0.0
Risk-Penalized Greedy,Milan_0_1024.map,1206,1585,1,0,6.682742008706555,99.0
BFS,Milan_0_1024.map,1126,674703,1,0,1272.691284015309,2786.0
DFS,Milan_0_1024.map,20900,95395,1,0,124.92418399779126,12246.0
Dijkstra,Milan_0_1024.map,1126,674051,1,0,2179.998365987558,2861.0
Greedy,Milan_0_1024.map,1198,1499,1,0,4.74715098971501,4453.0
ZEN,London_0_256.map,220,4961,1,0,41.953653999371454,70.0
A*,London_0_256.map,220,5012,1,0,52.39527500816621,913.0
Weighted A*,London_0_256.map,230,581,1,0,4.5485970040317625,966.0
Chance-Constrained A*,London_0_256.map,0,262145,0,0,3376.8667730037123,0.0
CVaR A*,London_0_256.map,0,262145,0,0,4053.9005800092127,0.0
Risk-Penalized A*,London_0_256.map,224,4748,1,0,36.519849993055686,0.0
Risk-Penalized Dijkstra,London_0_256.map,224,37291,1,0,272.33238698681816,0.0
Risk-Penalized Greedy,London_0_256.map,266,268,1,0,2.1904599852859974,138.0
BFS,London_0_256.map,220,40785,1,0,133.9728230086621,766.0
DFS,London_0_256.map,3782,36375,1,0,116.21109300176612,6074.0
Dijkstra,London_0_256.map,220,40623,1,0,225.94149399083108,913.0
Greedy,London_0_256.map,272,354,1,0,2.1600420004688203,1485.0
ZEN,Paris_1_256.map,320,3629,1,0,39.09962100442499,520.0
A*,Paris_1_256.map,320,5880,1,0,38.16224099136889,975.0
Weighted A*,Paris_1_256.map,346,1393,1,0,10.44139699661173,1009.0
Chance-Constrained A*,Paris_1_256.map,0,262145,0,0,3729.513111989945,0.0
CVaR A*,Paris_1_256.map,0,262145,0,0,3720.090089016594,0.0
Risk-Penalized A*,Paris_1_256.map,360,7130,1,0,55.472511012339965,8.0
Risk-Penalized Dijkstra,Paris_1_256.map,360,37374,1,0,282.1285100071691,8.0
Risk-Penalized Greedy,Paris_1_256.map,394,549,1,0,4.089424997800961,320.0
BFS,Paris_1_256.map,320,39870,1,0,141.2071959930472,1055.0
DFS,Paris_1_256.map,6030,33249,1,0,93.14225098933092,12346.0
Dijkstra,Paris_1_256.map,320,39702,1,0,235.6435129768215,975.0
Greedy,Paris_1_256.map,408,523,1,0,3.840470017166808,1786.0
ZEN,Denver_1_512.map,671,22836,1,0,297.4748979904689,1.0
A*,Denver_1_512.map,671,82575,1,0,636.2324579968117,2545.0
Weighted A*,Denver_1_512.map,787,10820,1,0,79.90384299773723,2539.0
Chance-Constrained A*,Denver_1_512.map,0,1048577,0,0,17406.78859699983,0.0
CVaR A*,Denver_1_512.map,0,1048577,0,0,19998.756486020284,0.0
Risk-Penalized A*,Denver_1_512.map,671,76665,1,0,704.159474989865,1.0
Risk-Penalized Dijkstra,Denver_1_512.map,671,181826,1,0,1598.546492983587,1.0
Risk-Penalized Greedy,Denver_1_512.map,839,2009,1,0,13.8247030263301,483.0
BFS,Denver_1_512.map,671,182430,1,0,712.5447019934654,2545.0
DFS,Denver_1_512.map,29345,96981,1,0,279.7230819996912,14900.0
Dijkstra,Denver_1_512.map,671,182300,1,0,1298.5648510220926,2545.0
Greedy,Denver_1_512.map,835,1832,1,0,12.862406991189346,2991.0
ZEN,NewYork_1_256.map,274,3177,1,0,37.64190498623066,22.0
A*,NewYork_1_256.map,274,3321,1,0,37.57579199736938,675.0
Weighted A*,NewYork_1_256.map,286,985,1,0,6.992365000769496,757.0
Chance-Constrained A*,NewYork_1_256.map,0,262145,0,0,4192.787174019031,0.0
CVaR A*,NewYork_1_256.map,0,262145,0,0,3635.298932000296,0.0
Risk-Penalized A*,NewYork_1_256.map,276,4938,1,0,40.657795005245134,17.0
Risk-Penalized Dijkstra,NewYork_1_256.map,276,45704,1,0,367.02229001093656,17.0
Risk-Penalized Greedy,NewYork_1_256.map,340,1076,1,0,11.082618002546951,248.0
BFS,NewYork_1_256.map,274,45909,1,0,226.7660739889834,675.0
DFS,NewYork_1_256.map,5162,14158,1,0,31.61257700412534,7247.0
Dijkstra,NewYork_1_256.map,274,45765,1,0,281.2100349983666,675.0
Greedy,NewYork_1_256.map,390,1112,1,0,6.266946002142504,1703.0
ZEN,Berlin_2_1024.map,1090,145591,1,0,869.9997240037192,0.0
A*,Berlin_2_1024.map,1090,164224,1,0,883.3623819809873,3385.0
Weighted A*,Berlin_2_1024.map,1156,3598,1,0,17.158150993054733,1938.0
Chance-Constrained A*,Berlin_2_1024.map,0,4194305,0,0,99141.59384497908,0.0
CVaR A*,Berlin_2_1024.map,0,4194305,0,0,76410.56715900777,0.0
Risk-Penalized A*,Berlin_2_1024.map,1090,145862,1,0,834.6260340185836,0.0
Risk-Penalized Dijkstra,Berlin_2_1024.map,1090,688449,1,0,5849.721078993753,0.0
Risk-Penalized Greedy,Berlin_2_1024.map,1156,1190,1,0,12.689773982856424,168.0
BFS,Berlin_2_1024.map,1090,688863,1,0,3221.0040119825862,3426.0
DFS,Berlin_2_1024.map,26126,507263,1,0,2261.9991629908327,14033.0
Dijkstra,Berlin_2_1024.map,1090,688666,1,0,5962.888483016286,3385.0
Greedy,Berlin_2_1024.map,1164,1196,1,0,11.436402011895552,2051.0
ZEN,Boston_0_256.map,369,4592,1,0,23.627473012311384,185.0
A*,Boston_0_256.map,369,6223,1,0,23.532405000878494,1932.0
Weighted A*,Boston_0_256.map,383,1136,1,0,5.546867003431544,2002.0
Chance-Constrained A*,Boston_0_256.map,0,262145,0,0,3399.762208980974,0.0
CVaR A*,Boston_0_256.map,0,262145,0,0,4470.657831989229,0.0
Risk-Penalized A*,Boston_0_256.map,421,11447,1,0,100.38295399863271,20.0
Risk-Penalized Dijkstra,Boston_0_256.map,421,47092,1,0,356.91115699592046,20.0
Risk-Penalized Greedy,Boston_0_256.map,451,817,1,0,6.757144990842789,335.0
BFS,Boston_0_256.map,369,47459,1,0,162.8156249935273,1212.0
DFS,Boston_0_256.map,2731,42902,1,0,140.2063780114986,7601.0
Dijkstra,Boston_0_256.map,369,47431,1,0,306.8100179953035,1932.0
Greedy,Boston_0_256.map,483,734,1,0,4.381286009447649,2133.0
ZEN,London_2_256.map,347,7589,1,0,62.3420320043806,709.0
A*,London_2_256.map,347,7886,1,0,44.99025398399681,1417.0
Weighted A*,London_2_256.map,347,1255,1,0,8.285132003948092,1283.0
Chance-Constrained A*,London_2_256.map,0,262145,0,0,2846.360286988784,0.0
CVaR A*,London_2_256.map,0,262145,0,0,2561.684103013249,0.0
Risk-Penalized A*,London_2_256.map,453,20110,1,0,88.11659697676077,165.0
Risk-Penalized Dijkstra,London_2_256.map,453,41845,1,0,167.17979797977023,165.0
Risk-Penalized Greedy,London_2_256.map,369,765,1,0,3.1695770157966763,620.0
BFS,London_2_256.map,347,39193,1,0,69.34483000077307,1223.0
DFS,London_2_256.map,5205,21476,1,0,34.82581599382684,15984.0
Dijkstra,London_2_256.map,347,38917,1,0,127.62348499381916,1417.0
Greedy,London_2_256.map,379,509,1,0,1.5242650115396827,1942.0
ZEN,Milan_1_512.map,493,24108,1,0,218.2134629983921,0.0
A*,Milan_1_512.map,493,29616,1,0,207.064743997762,1814.0
Weighted A*,Milan_1_512.map,519,4299,1,0,33.79323199624196,1864.0
Chance-Constrained A*,Milan_1_512.map,0,1048577,0,0,17345.175527996616,0.0
CVaR A*,Milan_1_512.map,0,1048577,0,0,16440.77936100075,0.0
Risk-Penalized A*,Milan_1_512.map,493,24258,1,0,143.07993699912913,0.0
Risk-Penalized Dijkstra,Milan_1_512.map,493,187439,1,0,1189.8877960047685,0.0
Risk-Penalized Greedy,Milan_1_512.map,591,3456,1,0,15.28240300831385,143.0
BFS,Milan_1_512.map,493,191521,1,0,581.5209750144277,798.0
DFS,Milan_1_512.map,7587,183060,1,0,608.7491250073072,10703.0
Dijkstra,Milan_1_512.map,493,191428,1,0,853.7044269905891,1814.0
Greedy,Milan_1_512.map,625,3434,1,0,15.71547400089912,2882.0
ZEN,Moscow_0_256.map,340,552,1,0,6.006574985804036,0.0
A*,Moscow_0_256.map,340,10933,1,0,66.91667999257334,1568.0
Weighted A*,Moscow_0_256.map,352,686,1,0,4.89465199643746,1608.0
Chance-Constrained A*,Moscow_0_256.map,0,262145,0,0,3665.240639995318,0.0
CVaR A*,Moscow_0_256.map,0,262145,0,0,2598.9247589895967,0.0
Risk-Penalized A*,Moscow_0_256.map,340,7636,1,0,31.66249301284552,0.0
Risk-Penalized Dijkstra,Moscow_0_256.map,340,43011,1,0,180.93272700207308,0.0
Risk-Penalized Greedy,Moscow_0_256.map,372,378,1,0,1.7390020075254142,222.0
BFS,Moscow_0_256.map,340,44385,1,0,80.50872999592684,1568.0
DFS,Moscow_0_256.map,5058,25277,1,0,37.6125959737692,11393.0
Dijkstra,Moscow_0_256.map,340,44297,1,0,143.4361040010117,1568.0
Greedy,Moscow_0_256.map,396,415,1,0,1.6794149996712804,2206.0
ZEN,Denver_0_512.map,583,5379,1,0,211.47884899983185,0.0
A*,Denver_0_512.map,583,55902,1,0,416.4611219894141,1759.0
Weighted A*,Denver_0_512.map,649,6164,1,0,43.52685998310335,1913.0
Chance-Constrained A*,Denver_0_512.map,0,1048577,0,0,16300.500941986684,0.0
CVaR A*,Denver_0_512.map,0,1048577,0,0,12908.861456002342,0.0
Risk-Penalized A*,Denver_0_512.map,583,49956,1,0,247.60824401164427,0.0
Risk-Penalized Dijkstra,Denver_0_512.map,583,193351,1,0,1022.8819109906908,0.0
Risk-Penalized Greedy,Denver_0_512.map,739,1032,1,0,5.124908988364041,293.0
BFS,Denver_0_512.map,583,193519,1,0,424.97938201995566,1759.0
DFS,Denver_0_512.map,23591,76929,1,0,129.28996598930098,11622.0
Dijkstra,Denver_0_512.map,583,193460,1,0,806.1193019966595,1759.0
Greedy,Denver_0_512.map,737,982,1,0,3.9535580144729465,2468.0
ZEN,NewYork_0_256.map,208,245,1,0,2.5622240209486336,0.0
A*,NewYork_0_256.map,208,6337,1,0,34.93983601219952,905.0
Weighted A*,NewYork_0_256.map,212,247,1,0,1.6561189841013402,975.0
Chance-Constrained A*,NewYork_0_256.map,0,262145,0,0,3734.0019050170663,0.0
CVaR A*,NewYork_0_256.map,0,262145,0,0,4290.486293990398,0.0
Risk-Penalized A*,NewYork_0_256.map,208,5599,1,0,39.16497199679725,0.0
Risk-Penalized Dijkstra,NewYork_0_256.map,208,40217,1,0,293.24039598577656,0.0
Risk-Penalized Greedy,NewYork_0_256.map,216,216,1,0,1.6930830024648458,36.0
BFS,NewYork_0_256.map,208,42114,1,0,157.00239801662974,905.0
DFS,NewYork_0_256.map,8562,27539,1,0,73.96404299652204,12136.0
Dijkstra,NewYork_0_256.map,208,41916,1,0,260.5504450039007,905.0
Greedy,NewYork_0_256.map,222,222,1,0,2.077843004371971,1169.0
ZEN,Shanghai_0_512.map,734,43936,1,0,372.0982180093415,0.0
A*,Shanghai_0_512.map,734,61195,1,0,433.44206098117866,1010.0
Weighted A*,Shanghai_0_512.map,784,1892,1,0,14.891995990183204,1011.0
Chance-Constrained A*,Shanghai_0_512.map,0,1048577,0,0,13353.593520994764,0.0
CVaR A*,Shanghai_0_512.map,0,1048577,0,0,18498.099870979782,0.0
Risk-Penalized A*,Shanghai_0_512.map,734,43936,1,0,385.7368359749671,0.0
Risk-Penalized Dijkstra,Shanghai_0_512.map,734,196004,1,0,1174.3082120083272,0.0
Risk-Penalized Greedy,Shanghai_0_512.map,794,897,1,0,8.441129990387708,143.0
BFS,Shanghai_0_512.map,734,196069,1,0,793.8728310109582,1462.0
DFS,Shanghai_0_512.map,10504,173615,1,0,664.231942006154,8763.0
Dijkstra,Shanghai_0_512.map,734,196045,1,0,1414.4976479874458,1010.0
Greedy,Shanghai_0_512.map,788,859,1,0,7.675961998756975,1197.0
ZEN,Boston_1_1024.map,1309,259355,1,0,1670.638706011232,0.0
A*,Boston_1_1024.map,1309,272012,1,0,1594.6978690044489,2826.0
Weighted A*,Boston_1_1024.map,1315,1413,1,0,9.21570701757446,2991.0
Chance-Constrained A*,Boston_1_1024.map,0,4194305,0,0,113630.13084599515,0.0
CVaR A*,Boston_1_1024.map,0,4194305,0,0,275628.7840020086,0.0
Risk-Penalized A*,Boston_1_1024.map,1309,259802,1,0,1835.462360002566,0.0
Risk-Penalized Dijkstra,Boston_1_1024.map,1309,768688,1,0,7160.548227024265,0.0
Risk-Penalized Greedy,Boston_1_1024.map,1329,11105,1,0,90.78977900207974,57.0
BFS,Boston_1_1024.map,1309,769075,1,0,3913.153606001288,3136.0
DFS,Boston_1_1024.map,71585,483261,1,0,2014.1157259931788,26944.0
Dijkstra,Boston_1_1024.map,1309,768784,1,0,7110.889510018751,2826.0
Greedy,Boston_1_1024.map,1345,10837,1,0,73.67663798504509,3289.0
ZEN,Berlin_0_256.map,238,4368,1,0,17.738322989316657,178.0
A*,Berlin_0_256.map,238,4783,1,0,15.10660900385119,835.0
Weighted A*,Berlin_0_256.map,254,1387,1,0,5.846927990205586,609.0
Chance-Constrained A*,Berlin_0_256.map,0,262145,0,0,2249.6034019859508,0.0
CVaR A*,Berlin_0_256.map,0,262145,0,0,2590.0827150035184,0.0
Risk-Penalized A*,Berlin_0_256.map,244,6137,1,0,25.019348016940057,0.0
Risk-Penalized Dijkstra,Berlin_0_256.map,244,41142,1,0,168.02891899715178,0.0
Risk-Penalized Greedy,Berlin_0_256.map,306,306,1,0,1.2849930208176374,135.0
BFS,Berlin_0_256.map,238,44513,1,0,84.04898800654337,915.0
DFS,Berlin_0_256.map,7520,29067,1,0,41.23588700895198,9633.0
Dijkstra,Berlin_0_256.map,238,44456,1,0,146.7669150151778,852.0
Greedy,Berlin_0_256.map,310,311,1,0,1.6334590036422014,1457.0
ZEN,Boston_2_512.map,597,26666,1,0,221.58187002060004,9.0
A*,Boston_2_512.map,597,27960,1,0,120.49617199227214,2331.0
Weighted A*,Boston_2_512.map,697,11490,1,0,57.60762697900645,2473.0
Chance-Constrained A*,Boston_2_512.map,0,1048577,0,0,10631.501103984192,0.0
CVaR A*,Boston_2_512.map,0,1048577,0,0,11652.837569999974,0.0
Risk-Penalized A*,Boston_2_512.map,597,28784,1,0,157.65135097899474,9.0
Risk-Penalized Dijkstra,Boston_2_512.map,597,180273,1,0,1538.013530021999,9.0
Risk-Penalized Greedy,Boston_2_512.map,757,892,1,0,7.693689985899255,631.0
BFS,Boston_2_512.map,597,179484,1,0,748.3195259992499,2331.0
DFS,Boston_2_512.map,6441,74762,1,0,277.88707899162546,6777.0
Dijkstra,Boston_2_512.map,597,179118,1,0,1311.5704989759251,2331.0
Greedy,Boston_2_512.map,759,784,1,0,5.727718991693109,3539.0
ZEN,Milan_2_256.map,292,316,1,0,3.5773869894910604,0.0
A*,Milan_2_256.map,292,7912,1,0,52.40688499179669,830.0
Weighted A*,Milan_2_256.map,298,342,1,0,2.219455986050889,946.0
Chance-Constrained A*,Milan_2_256.map,0,262145,0,0,4021.9232109957375,0.0
CVaR A*,Milan_2_256.map,0,262145,0,0,4030.226570001105,0.0
Risk-Penalized A*,Milan_2_256.map,292,6891,1,0,48.51676299585961,0.0
Risk-Penalized Dijkstra,Milan_2_256.map,292,35733,1,0,228.9131759898737,0.0
Risk-Penalized Greedy,Milan_2_256.map,306,318,1,0,2.475521992892027,108.0
BFS,Milan_2_256.map,292,38305,1,0,135.13197298743762,830.0
DFS,Milan_2_256.map,5484,18703,1,0,77.67609902657568,9080.0
Dijkstra,Milan_2_256.map,292,38091,1,0,292.50954699818976,830.0
Greedy,Milan_2_256.map,306,334,1,0,2.4320649972651154,890.0
ZEN,Denver_2_512.map,773,89125,1,0,1835.5947119998743,332.0
A*,Denver_2_512.map,773,89377,1,0,710.5289539904334,1538.0
Weighted A*,Denver_2_512.map,859,5451,1,0,40.574433020083234,3147.0
Chance-Constrained A*,Denver_2_512.map,0,1048577,0,0,18835.564970999258,0.0
CVaR A*,Denver_2_512.map,0,1048577,0,0,16224.343814013992,0.0
Risk-Penalized A*,Denver_2_512.map,777,76974,1,0,400.0582569860853,0.0
Risk-Penalized Dijkstra,Denver_2_512.map,777,191285,1,0,1654.513148998376,0.0
Risk-Penalized Greedy,Denver_2_512.map,879,1964,1,0,16.39656999032013,258.0
BFS,Denver_2_512.map,773,191343,1,0,790.1445389725268,1538.0
DFS,Denver_2_512.map,33977,74410,1,0,237.8148719726596,18667.0
Dijkstra,Denver_2_512.map,773,191266,1,0,1334.2786729917862,1538.0
Greedy,Denver_2_512.map,871,1886,1,0,13.265776011394337,3468.0
ZEN,Paris_2_1024.map,1184,155145,1,0,922.018337994814,0.0
A*,Paris_2_1024.map,1184,173321,1,0,849.5219210162759,2803.0
Weighted A*,Paris_2_1024.map,1362,11217,1,0,62.44794800295495,5953.0
Chance-Constrained A*,Paris_2_1024.map,0,4194305,0,0,65289.39882898703,0.0
CVaR A*,Paris_2_1024.map,0,4194305,0,0,94160.25360999627,0.0
Risk-Penalized A*,Paris_2_1024.map,1184,155234,1,0,1491.753765993053,0.0
Risk-Penalized Dijkstra,Paris_2_1024.map,1184,640266,1,0,3858.6003300151783,0.0
Risk-Penalized Greedy,Paris_2_1024.map,1424,1685,1,0,14.011983992531896,605.0
BFS,Paris_2_1024.map,1184,641704,1,0,2366.9810089922976,3046.0
DFS,Paris_2_1024.map,107686,568826,1,0,2367.92016599793,48998.0
Dijkstra,Paris_2_1024.map,1184,641672,1,0,4322.536582971225,2803.0
Greedy,Paris_2_1024.map,1556,3267,1,0,16.170043003512546,7168.0
ZEN,NewYork_1_1024.map,800,35675,1,0,294.1676140180789,0.0
A*,NewYork_1_1024.map,800,50564,1,0,299.84437802340835,1463.0
Weighted A*,NewYork_1_1024.map,928,26870,1,0,202.4002499820199,1894.0
Chance-Constrained A*,NewYork_1_1024.map,0,4194305,0,0,106564.88253199495,0.0
CVaR A*,NewYork_1_1024.map,0,4194305,0,0,280729.1162000038,0.0
Risk-Penalized A*,NewYork_1_1024.map,800,35699,1,0,377.3184079909697,0.0
Risk-Penalized Dijkstra,NewYork_1_1024.map,800,710798,1,0,8370.581052993657,0.0
Risk-Penalized Greedy,NewYork_1_1024.map,1358,8546,1,0,62.8502540057525,686.0
BFS,NewYork_1_1024.map,800,713841,1,0,3682.0409730135,2869.0
DFS,NewYork_1_1024.map,60178,747991,1,0,3493.751628004248,34867.0
Dijkstra,NewYork_1_1024.map,800,713639,1,0,4360.690940986387,1463.0
Greedy,NewYork_1_1024.map,1364,8023,1,0,34.47283600689843,6446.0
ZEN,Milan_2_512.map,494,37627,1,0,187.1252609998919,0.0
A*,Milan_2_512.map,494,40253,1,0,164.30765300174244,1429.0
Weighted A*,Milan_2_512.map,502,4402,1,0,21.81033798842691,1588.0
Chance-Constrained A*,Milan_2_512.map,0,1048577,0,0,12002.146548009478,0.0
CVaR A*,Milan_2_512.map,0,1048577,0,0,18354.63618399808,0.0
Risk-Penalized A*,Milan_2_512.map,494,37627,1,0,249.73053799476477,0.0
Risk-Penalized Dijkstra,Milan_2_512.map,494,181192,1,0,1103.4348809916992,0.0
Risk-Penalized Greedy,Milan_2_512.map,634,3815,1,0,24.18949699494988,75.0
BFS,Milan_2_512.map,494,183084,1,0,756.911106989719,1622.0
DFS,Milan_2_512.map,13956,82917,1,0,324.51168200350367,7900.0
Dijkstra,Milan_2_512.map,494,182876,1,0,1346.055649977643,1429.0
Greedy,Milan_2_512.map,628,3761,1,0,23.47567299148068,2036.0
ZEN,Sydney_0_512.map,555,41587,1,0,229.29035098059103,0.0
A*,Sydney_0_512.map,555,45311,1,0,198.81848798831925,1045.0
Weighted A*,Sydney_0_512.map,579,790,1,0,3.5236619878560305,1508.0
Chance-Constrained A*,Sydney_0_512.map,0,1048577,0,0,12422.416725981748,0.0
CVaR A*,Sydney_0_512.map,0,1048577,0,0,14172.947728977306,0.0
Risk-Penalized A*,Sydney_0_512.map,555,41648,1,0,329.1569609718863,0.0
Risk-Penalized Dijkstra,Sydney_0_512.map,555,185925,1,0,972.239504015306,0.0
Risk-Penalized Greedy,Sydney_0_512.map,595,611,1,0,3.170158975990489,174.0
BFS,Sydney_0_512.map,555,186467,1,0,392.96420000027865,2726.0
DFS,Sydney_0_512.map,39911,149133,1,0,236.307826009579,29975.0
Dijkstra,Sydney_0_512.map,555,186341,1,0,764.8466559767257,1045.0
Greedy,Sydney_0_512.map,595,617,1,0,2.446884987875819,1856.0
ZEN,Milan_1_1024.map,1208,195846,1,0,3912.641901988536,60.0
A*,Milan_1_1024.map,1208,203494,1,0,1764.7770089970436,2917.0
Weighted A*,Milan_1_1024.map,1372,72132,1,0,719.8213369993027,4376.0
Chance-Constrained A*,Milan_1_1024.map,0,4194305,0,0,87125.90854198788,0.0
CVaR A*,Milan_1_1024.map,0,4194305,0,0,107578.70635399011,0.0
Risk-Penalized A*,Milan_1_1024.map,1234,228930,1,0,1705.473231995711,0.0
Risk-Penalized Dijkstra,Milan_1_1024.map,1234,747168,1,0,4824.4033950031735,0.0
Risk-Penalized Greedy,Milan_1_1024.map,1450,27912,1,0,111.81963700801134,221.0
BFS,Milan_1_1024.map,1208,738050,1,0,2141.6288100008387,2917.0
DFS,Milan_1_1024.map,44444,551736,1,0,1430.8790630020667,38357.0
Dijkstra,Milan_1_1024.map,1208,736933,1,0,4401.715429994511,2917.0
Greedy,Milan_1_1024.map,1452,27405,1,0,114.54974199295977,3656.0
ZEN,Milan_0_256.map,259,7647,1,0,66.6223999869544,50.0
A*,Milan_0_256.map,259,10388,1,0,70.9509220032487,1412.0
Weighted A*,Milan_0_256.map,283,586,1,0,3.9611719839740553,1080.0
Chance-Constrained A*,Milan_0_256.map,0,262145,0,0,2958.778091997374,0.0
CVaR A*,Milan_0_256.map,0,262145,0,0,2380.839076009579,0.0
Risk-Penalized A*,Milan_0_256.map,261,7201,1,0,29.400966013781726,0.0
Risk-Penalized Dijkstra,Milan_0_256.map,261,41246,1,0,169.54148997319862,0.0
Risk-Penalized Greedy,Milan_0_256.map,291,366,1,0,1.4739389880560338,73.0
BFS,Milan_0_256.map,259,42349,1,0,71.97003500186838,783.0
DFS,Milan_0_256.map,6611,34408,1,0,54.38571600825526,13834.0
Dijkstra,Milan_0_256.map,259,42309,1,0,142.23378701717593,1412.0
Greedy,Milan_0_256.map,293,350,1,0,1.2941320019308478,1195.0
ZEN,Sydney_2_512.map,705,62721,1,0,592.3993379983585,0.0
A*,Sydney_2_512.map,705,68179,1,0,528.4559610008728,963.0
Weighted A*,Sydney_2_512.map,707,707,1,0,6.640264997258782,1030.0
Chance-Constrained A*,Sydney_2_512.map,0,1048577,0,0,20915.111103007803,0.0
CVaR A*,Sydney_2_512.map,0,1048577,0,0,23767.230341996765,0.0
Risk-Penalized A*,Sydney_2_512.map,705,62888,1,0,588.5335539933294,0.0
Risk-Penalized Dijkstra,Sydney_2_512.map,705,174497,1,0,1492.8195739921648,0.0
Risk-Penalized Greedy,Sydney_2_512.map,707,707,1,0,6.877653999254108,6.0
BFS,Sydney_2_512.map,705,175476,1,0,721.1343359958846,2698.0
DFS,Sydney_2_512.map,13385,193980,1,0,766.1449240113143,14408.0
Dijkstra,Sydney_2_512.map,705,175252,1,0,1258.9041559840553,963.0
Greedy,Sydney_2_512.map,707,707,1,0,6.709310022415593,1030.0
ZEN,Shanghai_2_256.map,452,21982,1,0,210.9975659986958,0.0
A*,Shanghai_2_256.map,452,29943,1,0,281.5491470100824,1509.0
Weighted A*,Shanghai_2_256.map,472,577,1,0,2.691937988856808,1307.0
Chance-Constrained A*,Shanghai_2_256.map,0,262145,0,0,2067.811951012118,0.0
CVaR A*,Shanghai_2_256.map,0,262145,0,0,2573.800009995466,0.0
Risk-Penalized A*,Shanghai_2_256.map,452,22046,1,0,102.99159001442604,0.0
Risk-Penalized Dijkstra,Shanghai_2_256.map,452,47615,1,0,198.6160669766832,0.0
Risk-Penalized Greedy,Shanghai_2_256.map,480,503,1,0,2.306668000528589,106.0
BFS,Shanghai_2_256.map,452,47968,1,0,88.94216301268898,1685.0
DFS,Shanghai_2_256.map,7710,39291,1,0,61.22964498354122,15084.0
Dijkstra,Shanghai_2_256.map,452,47934,1,0,162.48969797743484,1509.0
Greedy,Shanghai_2_256.map,474,487,1,0,2.1820319816470146,1385.0
ZEN,London_0_512.map,515,4317,1,0,46.1780070036184,595.0
A*,London_0_512.map,515,39492,1,0,296.7098619847093,1503.0
Weighted A*,London_0_512.map,545,4331,1,0,33.59351999824867,1726.0
Chance-Constrained A*,London_0_512.map,0,1048577,0,0,17402.956895006355,0.0
CVaR A*,London_0_512.map,0,1048577,0,0,19882.15435500024,0.0
Risk-Penalized A*,London_0_512.map,519,39166,1,0,225.6658930273261,1.0
Risk-Penalized Dijkstra,London_0_512.map,519,158542,1,0,1632.0820370165166,1.0
Risk-Penalized Greedy,London_0_512.map,643,3136,1,0,20.40806200238876,531.0
BFS,London_0_512.map,515,161632,1,0,697.7388800005428,1039.0
DFS,London_0_512.map,13955,169481,1,0,638.5043030022644,14241.0
Dijkstra,London_0_512.map,515,161188,1,0,847.0898939995095,1503.0
Greedy,London_0_512.map,647,2977,1,0,13.749449979513884,2982.0
ZEN,NewYork_0_512.map,638,46857,1,0,735.5423890112434,788.0
A*,NewYork_0_512.map,638,46900,1,0,374.7805570019409,2250.0
Weighted A*,NewYork_0_512.map,686,11411,1,0,97.86843799520284,2166.0
Chance-Constrained A*,NewYork_0_512.map,0,1048577,0,0,14114.65268500615,0.0
CVaR A*,NewYork_0_512.map,0,1048577,0,0,20501.17018600577,0.0
Risk-Penalized A*,NewYork_0_512.map,652,52532,1,0,477.5486839935184,10.0
Risk-Penalized Dijkstra,NewYork_0_512.map,652,187710,1,0,1722.1362400159703,10.0
Risk-Penalized Greedy,NewYork_0_512.map,720,2648,1,0,23.176212998805568,252.0
BFS,NewYork_0_512.map,638,184885,1,0,812.8358320100233,2013.0
DFS,NewYork_0_512.map,13062,177360,1,0,795.6306870037224,11062.0
Dijkstra,NewYork_0_512.map,638,184704,1,0,1361.3904260273555,1861.0
Greedy,NewYork_0_512.map,708,2442,1,0,16.329061007127166,2576.0
ZEN,Boston_2_1024.map,1191,189468,1,0,1758.8639550085643,12.0
A*,Boston_2_1024.map,1191,192046,1,0,1046.0953669971786,4856.0
Weighted A*,Boston_2_1024.map,1289,4104,1,0,20.106669020606205,2143.0
Chance-Constrained A*,Boston_2_1024.map,0,4194305,0,0,102054.2964010092,0.0
CVaR A*,Boston_2_1024.map,0,4194305,0,0,95607.81960000168,0.0
Risk-Penalized A*,Boston_2_1024.map,1191,196807,1,0,2018.8542800024152,12.0
Risk-Penalized Dijkstra,Boston_2_1024.map,1191,778532,1,0,8177.056310989428,12.0
Risk-Penalized Greedy,Boston_2_1024.map,1297,1325,1,0,14.784968021558598,355.0
BFS,Boston_2_1024.map,1191,777762,1,0,3750.480646995129,4856.0
DFS,Boston_2_1024.map,61331,154765,1,0,477.6110570237506,19085.0
Dijkstra,Boston_2_1024.map,1191,777634,1,0,7089.495621010428,4856.0
Greedy,Boston_2_1024.map,1295,1308,1,0,13.27186997514218,2476.0
ZEN,Denver_2_256.map,377,17405,1,0,210.89340100297704,5.0
A*,Denver_2_256.map,377,22831,1,0,140.5955539958086,2139.0
Weighted A*,Denver_2_256.map,409,855,1,0,5.3601750114467,2234.0
Chance-Constrained A*,Denver_2_256.map,0,262145,0,0,3725.75666900957,0.0
CVaR A*,Denver_2_256.map,0,262145,0,0,4060.349326988217,0.0
Risk-Penalized A*,Denver_2_256.map,377,18083,1,0,147.75158002157696,5.0
Risk-Penalized Dijkstra,Denver_2_256.map,377,46990,1,0,347.8963859961368,5.0
Risk-Penalized Greedy,Denver_2_256.map,419,543,1,0,4.336746002081782,188.0
BFS,Denver_2_256.map,377,47033,1,0,159.2732269782573,2139.0
DFS,Denver_2_256.map,6887,17793,1,0,37.1705960133113,7735.0
Dijkstra,Denver_2_256.map,377,47003,1,0,271.6932769981213,2139.0
Greedy,Denver_2_256.map,413,507,1,0,3.4515419974923134,2481.0
ZEN,NewYork_0_1024.map,1610,10726,1,0,95.28606999083422,0.0
A*,NewYork_0_1024.map,1610,418015,1,0,2212.267077004072,2720.0
Weighted A*,NewYork_0_1024.map,1700,4697,1,0,22.74663900607265,4028.0
Chance-Constrained A*,NewYork_0_1024.map,0,4194305,0,0,73061.3876139978,0.0
CVaR A*,NewYork_0_1024.map,0,4194305,0,0,89163.02724101115,0.0
Risk-Penalized A*,NewYork_0_1024.map,1610,373091,1,0,3964.6132869820576,0.0
Risk-Penalized Dijkstra,NewYork_0_1024.map,1610,734117,1,0,7662.884591991315,0.0
Risk-Penalized Greedy,NewYork_0_1024.map,1738,2181,1,0,22.920786985196173,355.0
BFS,NewYork_0_1024.map,1610,734605,1,0,3453.7576789734885,2720.0
DFS,NewYork_0_1024.map,88762,449645,1,0,1669.928446994163,34259.0
Dijkstra,NewYork_0_1024.map,1610,734327,1,0,7173.256100999424,2720.0
Greedy,NewYork_0_1024.map,1734,2083,1,0,25.730573979672045,4873.0
ZEN,Sydney_0_1024.map,1113,28856,1,0,517.2421479946934,0.0
A*,Sydney_0_1024.map,1113,95774,1,0,791.7889000091236,1808.0
Weighted A*,Sydney_0_1024.map,1195,3386,1,0,33.19084399845451,1602.0
Chance-Constrained A*,Sydney_0_1024.map,0,4194305,0,0,106967.79855899511,0.0
CVaR A*,Sydney_0_1024.map,0,4194305,0,0,100890.53940397572,0.0
Risk-Penalized A*,Sydney_0_1024.map,1113,91758,1,0,867.3138210142497,0.0
Risk-Penalized Dijkstra,Sydney_0_1024.map,1113,724234,1,0,5453.308112017112,0.0
Risk-Penalized Greedy,Sydney_0_1024.map,1211,1276,1,0,9.47341398568824,293.0
BFS,Sydney_0_1024.map,1113,725475,1,0,2252.4733259924687,1808.0
DFS,Sydney_0_1024.map,65703,282847,1,0,534.675195987802,18357.0
Dijkstra,Sydney_0_1024.map,1113,724790,1,0,3944.8234100127593,1808.0
Greedy,Sydney_0_1024.map,1203,1242,1,0,7.211987976916134,1803.0
ZEN,Shanghai_2_1024.map,1001,76630,1,0,779.7853289812338,1150.0
A*,Shanghai_2_1024.map,1001,76915,1,0,676.637900993228,2280.0
Weighted A*,Shanghai_2_1024.map,1115,10903,1,0,89.82000697869807,3332.0
Chance-Constrained A*,Shanghai_2_1024.map,0,4194305,0,0,91599.54108798412,0.0
CVaR A*,Shanghai_2_1024.map,0,4194305,0,0,85189.83085098444,0.0
Risk-Penalized A*,Shanghai_2_1024.map,1023,89797,1,0,421.4552100165747,0.0
Risk-Penalized Dijkstra,Shanghai_2_1024.map,1023,659179,1,0,3902.0248529850505,0.0
Risk-Penalized Greedy,Shanghai_2_1024.map,1143,1963,1,0,9.67750299605541,344.0
BFS,Shanghai_2_1024.map,1001,651342,1,0,1819.7095779760275,1996.0
DFS,Shanghai_2_1024.map,110803,662092,1,0,1823.844024009304,55844.0
Dijkstra,Shanghai_2_1024.map,1001,651234,1,0,3172.4825339915697,2010.0
Greedy,Shanghai_2_1024.map,1133,1810,1,0,7.415164000121877,4052.0
ZEN,Paris_0_1024.map,1252,24000,1,0,201.28733100136745,0.0
A*,Paris_0_1024.map,1252,173071,1,0,896.2473830033559,2223.0
Weighted A*,Paris_0_1024.map,1340,26343,1,0,150.2430149994325,3170.0
Chance-Constrained A*,Paris_0_1024.map,0,4194305,0,0,85489.48602797464,0.0
CVaR A*,Paris_0_1024.map,0,4194305,0,0,61660.87334600161,0.0
Risk-Penalized A*,Paris_0_1024.map,1252,152795,1,0,673.5513680032454,0.0
Risk-Penalized Dijkstra,Paris_0_1024.map,1252,771209,1,0,3440.6864019983914,0.0
Risk-Penalized Greedy,Paris_0_1024.map,1590,14580,1,0,43.15233399393037,226.0
BFS,Paris_0_1024.map,1252,772341,1,0,1514.930261997506,2223.0
DFS,Paris_0_1024.map,58406,153999,1,0,167.31365700252354,19157.0
Dijkstra,Paris_0_1024.map,1252,772183,1,0,2823.71638098266,2223.0
Greedy,Paris_0_1024.map,1584,14378,1,0,38.61628597951494,3471.0
ZEN,Paris_1_512.map,655,48223,1,0,390.664728009142,906.0
A*,Paris_1_512.map,655,48996,1,0,339.13999900687486,2941.0
Weighted A*,Paris_1_512.map,667,3802,1,0,27.24643799592741,2358.0
Chance-Constrained A*,Paris_1_512.map,0,1048577,0,0,17667.89858500124,0.0
CVaR A*,Paris_1_512.map,0,1048577,0,0,17374.706250004238,0.0
Risk-Penalized A*,Paris_1_512.map,659,55083,1,0,493.6885029892437,15.0
Risk-Penalized Dijkstra,Paris_1_512.map,659,183430,1,0,1711.1846320040058,15.0
Risk-Penalized Greedy,Paris_1_512.map,687,850,1,0,7.310832996154204,530.0
BFS,Paris_1_512.map,655,191777,1,0,782.4487159959972,3419.0
DFS,Paris_1_512.map,16059,138934,1,0,480.0856389920227,19969.0
Dijkstra,Paris_1_512.map,655,191775,1,0,1314.6862749999857,2417.0
Greedy,Paris_1_512.map,669,767,1,0,5.967330012936145,2398.0
ZEN,NewYork_1_512.map,702,39386,1,0,384.47873800760135,218.0
A*,NewYork_1_512.map,702,39485,1,0,296.293544000946,1406.0
Weighted A*,NewYork_1_512.map,816,23200,1,0,217.43372300988997,2151.0
Chance-Constrained A*,NewYork_1_512.map,0,1048577,0,0,18383.559683017666,0.0
CVaR A*,NewYork_1_512.map,0,1048577,0,0,16129.392149014166,0.0
Risk-Penalized A*,NewYork_1_512.map,722,53897,1,0,533.5585429857019,0.0
Risk-Penalized Dijkstra,NewYork_1_512.map,722,189788,1,0,1784.5903439738322,0.0
Risk-Penalized Greedy,NewYork_1_512.map,1004,2807,1,0,22.034499008441344,533.0
BFS,NewYork_1_512.map,702,189544,1,0,809.8315410024952,2441.0
DFS,NewYork_1_512.map,22658,181351,1,0,717.6948370179161,24049.0
Dijkstra,NewYork_1_512.map,702,189502,1,0,1454.2815650056582,1450.0
Greedy,NewYork_1_512.map,1006,2533,1,0,23.005360999377444,4146.0
ZEN,Shanghai_0_1024.map,1050,126447,1,0,1408.15649900469,0.0
A*,Shanghai_0_1024.map,1050,132977,1,0,1261.394990986446,3889.0
Weighted A*,Shanghai_0_1024.map,1060,1414,1,0,14.358880987856535,3970.0
Chance-Constrained A*,Shanghai_0_1024.map,0,4194305,0,0,79909.624685999,0.0
CVaR A*,Shanghai_0_1024.map,0,4194305,0,0,92596.7164549802,0.0
Risk-Penalized A*,Shanghai_0_1024.map,1050,126639,1,0,1304.347584984498,0.0
Risk-Penalized Dijkstra,Shanghai_0_1024.map,1050,765773,1,0,8294.511129992316,0.0
Risk-Penalized Greedy,Shanghai_0_1024.map,1092,19679,1,0,155.89032002026215,92.0
BFS,Shanghai_0_1024.map,1050,766005,1,0,3838.884374999907,3059.0
DFS,Shanghai_0_1024.map,25316,686305,1,0,1816.4503340085505,12770.0
Dijkstra,Shanghai_0_1024.map,1050,765947,1,0,3946.133342018584,3889.0
Greedy,Shanghai_0_1024.map,1102,19171,1,0,71.7567729880102,4448.0
ZEN,Denver_0_256.map,219,5785,1,0,47.617068979889154,0.0
A*,Denver_0_256.map,219,8520,1,0,56.24855498899706,710.0
Weighted A*,Denver_0_256.map,219,219,1,0,2.4493319797329605,710.0
Chance-Constrained A*,Denver_0_256.map,0,262145,0,0,3871.280398016097,0.0
CVaR A*,Denver_0_256.map,0,262145,0,0,3315.30333700357,0.0
Risk-Penalized A*,Denver_0_256.map,219,5801,1,0,50.77089398400858,0.0
Risk-Penalized Dijkstra,Denver_0_256.map,219,45208,1,0,382.4179339862894,0.0
Risk-Penalized Greedy,Denver_0_256.map,223,248,1,0,2.220825001131743,12.0
BFS,Denver_0_256.map,219,45918,1,0,164.336491987342,771.0
DFS,Denver_0_256.map,5595,42145,1,0,134.7141310106963,9628.0
Dijkstra,Denver_0_256.map,219,45869,1,0,293.1927320023533,710.0
Greedy,Denver_0_256.map,219,219,1,0,2.1108619985170662,710.0
ZEN,Milan_0_512.map,713,89155,1,0,1745.4118760069832,172.0
A*,Milan_0_512.map,713,89349,1,0,742.4776999978349,1352.0
Weighted A*,Milan_0_512.map,857,25317,1,0,217.75681801955216,2702.0
Chance-Constrained A*,Milan_0_512.map,0,1048577,0,0,17564.427595003508,0.0
CVaR A*,Milan_0_512.map,0,1048577,0,0,20158.722010004567,0.0
Risk-Penalized A*,Milan_0_512.map,717,86329,1,0,852.8337629977614,0.0
Risk-Penalized Dijkstra,Milan_0_512.map,717,188506,1,0,1768.9826939895283,0.0
Risk-Penalized Greedy,Milan_0_512.map,961,8312,1,0,57.97895201249048,600.0
BFS,Milan_0_512.map,713,190869,1,0,812.508100993,1352.0
DFS,Milan_0_512.map,9463,152479,1,0,589.0142139978707,10364.0
Dijkstra,Milan_0_512.map,713,190770,1,0,1431.2686269986443,1352.0
Greedy,Milan_0_512.map,975,8181,1,0,49.9837800161913,3963.0
ZEN,Boston_0_512.map,629,22073,1,0,105.90656200656667,140.0
A*,Boston_0_512.map,629,34395,1,0,136.92138300393708,1387.0
Weighted A*,Boston_0_512.map,647,1086,1,0,4.869476018939167,1453.0
Chance-Constrained A*,Boston_0_512.map,0,1048577,0,0,13514.843136974378,0.0
CVaR A*,Boston_0_512.map,0,1048577,0,0,17445.160998991923,0.0
Risk-Penalized A*,Boston_0_512.map,633,22264,1,0,196.1620929942001,0.0
Risk-Penalized Dijkstra,Boston_0_512.map,633,171418,1,0,1390.1612930058036,0.0
Risk-Penalized Greedy,Boston_0_512.map,647,647,1,0,4.023928020615131,127.0
BFS,Boston_0_512.map,629,177292,1,0,437.89617900620215,1768.0
DFS,Boston_0_512.map,15425,166682,1,0,603.612441016594,25505.0
Dijkstra,Boston_0_512.map,629,176860,1,0,1153.1076969986316,1267.0
Greedy,Boston_0_512.map,661,671,1,0,3.822944010607898,1661.0
ZEN,London_2_1024.map,1652,194149,1,0,2274.312027991982,11.0
A*,London_2_1024.map,1652,255368,1,0,2248.770833015442,4714.0
Weighted A*,London_2_1024.map,1782,15405,1,0,128.13156400807202,4874.0
Chance-Constrained A*,London_2_1024.map,0,4194305,0,0,72002.9635480023,0.0
CVaR A*,London_2_1024.map,0,4194305,0,0,96927.97441399308,0.0
Risk-Penalized A*,London_2_1024.map,1656,202880,1,0,1197.8166759945452,0.0
Risk-Penalized Dijkstra,London_2_1024.map,1656,785649,1,0,7872.056715976214,0.0
Risk-Penalized Greedy,London_2_1024.map,2188,13494,1,0,81.83021601871587,864.0
BFS,London_2_1024.map,1652,786221,1,0,3475.3533939947374,5734.0
DFS,London_2_1024.map,35270,198595,1,0,757.3325250123162,38424.0
Dijkstra,London_2_1024.map,1652,786099,1,0,6740.142544003902,4714.0
Greedy,London_2_1024.map,2188,13000,1,0,91.71435798634776,8015.0
ZEN,Sydney_0_256.map,301,12029,1,0,153.72858598129824,39.0
A*,Sydney_0_256.map,301,12317,1,0,58.44631700892933,270.0
Weighted A*,Sydney_0_256.map,301,301,1,0,1.6159929800778627,270.0
Chance-Constrained A*,Sydney_0_256.map,0,262145,0,0,3708.765185001539,0.0
CVaR A*,Sydney_0_256.map,0,262145,0,0,2681.44902199856,0.0
Risk-Penalized A*,Sydney_0_256.map,303,16863,1,0,86.2236800021492,34.0
Risk-Penalized Dijkstra,Sydney_0_256.map,303,45826,1,0,197.494199994253,34.0
Risk-Penalized Greedy,Sydney_0_256.map,303,307,1,0,1.4982480206526816,39.0
BFS,Sydney_0_256.map,301,45971,1,0,79.09649997600354,270.0
DFS,Sydney_0_256.map,5195,12618,1,0,15.710981009760872,4920.0
Dijkstra,Sydney_0_256.map,301,45915,1,0,153.59848400112242,270.0
Greedy,Sydney_0_256.map,301,301,1,0,1.5004079905338583,270.0
ZEN,Paris_0_256.map,355,9298,1,0,83.3284720138181,5.0
A*,Paris_0_256.map,355,13956,1,0,116.05569897801615,1671.0
Weighted A*,Paris_0_256.map,435,6530,1,0,62.16360101825558,1801.0
Chance-Constrained A*,Paris_0_256.map,0,262145,0,0,4011.661299009575,0.0
CVaR A*,Paris_0_256.map,0,262145,0,0,4298.952526994981,0.0
Risk-Penalized A*,Paris_0_256.map,357,9841,1,0,72.76716397609562,0.0
Risk-Penalized Dijkstra,Paris_0_256.map,357,42879,1,0,265.71662799688056,0.0
Risk-Penalized Greedy,Paris_0_256.map,463,2096,1,0,7.994768006028607,214.0
BFS,Paris_0_256.map,355,43275,1,0,98.65161500056274,1455.0
DFS,Paris_0_256.map,9793,41923,1,0,86.2917379999999,15523.0
Dijkstra,Paris_0_256.map,355,43241,1,0,164.88619000301696,1671.0
Greedy,Paris_0_256.map,477,2120,1,0,7.018233009148389,2111.0
ZEN,Moscow_0_1024.map,1292,153938,1,0,950.5438799969852,996.0
A*,Moscow_0_1024.map,1292,154095,1,0,721.0838010068983,4591.0
Weighted A*,Moscow_0_1024.map,1394,15834,1,0,72.93147299787961,4640.0
Chance-Constrained A*,Moscow_0_1024.map,0,4194305,0,0,76798.42551797628,0.0
CVaR A*,Moscow_0_1024.map,0,4194305,0,0,84125.82916900283,0.0
Risk-Penalized A*,Moscow_0_1024.map,1300,156922,1,0,1558.625222009141,0.0
Risk-Penalized Dijkstra,Moscow_0_1024.map,1300,733056,1,0,5920.549333997769,0.0
Risk-Penalized Greedy,Moscow_0_1024.map,1490,3045,1,0,14.97222698526457,509.0
BFS,Moscow_0_1024.map,1292,732446,1,0,1965.9011170151643,3971.0
DFS,Moscow_0_1024.map,63760,478600,1,0,1057.7405459771398,52029.0
Dijkstra,Moscow_0_1024.map,1292,731822,1,0,3700.261093996232,4694.0
Greedy,Moscow_0_1024.map,1488,2811,1,0,13.135220011463389,5691.0
ZEN,Moscow_1_1024.map,1298,109796,1,0,917.9503319901414,0.0
A*,Moscow_1_1024.map,1298,219535,1,0,1234.28520798916,5297.0
Weighted A*,Moscow_1_1024.map,1532,18794,1,0,101.23184800613672,5329.0
Chance-Constrained A*,Moscow_1_1024.map,0,4194305,0,0,80805.87191300583,0.0
CVaR A*,Moscow_1_1024.map,0,4194305,0,0,70625.72810001438,0.0
Risk-Penalized A*,Moscow_1_1024.map,1298,188206,1,0,1051.8103209906258,0.0
Risk-Penalized Dijkstra,Moscow_1_1024.map,1298,727566,1,0,4622.354162012925,0.0
Risk-Penalized Greedy,Moscow_1_1024.map,1606,5789,1,0,19.617521989857774,615.0
BFS,Moscow_1_1024.map,1298,730142,1,0,1645.2497580030467,5297.0
DFS,Moscow_1_1024.map,38328,455734,1,0,891.6908260143828,19604.0
Dijkstra,Moscow_1_1024.map,1298,729892,1,0,3071.6360319929663,5297.0
Greedy,Moscow_1_1024.map,1598,5539,1,0,16.74295699922368,5573.0
ZEN,Sydney_2_1024.map,1057,35504,1,0,303.65540098864585,0.0
A*,Sydney_2_1024.map,1057,172401,1,0,818.890497990651,2263.0
Weighted A*,Sydney_2_1024.map,1163,39643,1,0,220.02318300656043,2532.0
Chance-Constrained A*,Sydney_2_1024.map,0,4194305,0,0,63534.51606800081,0.0
CVaR A*,Sydney_2_1024.map,0,4194305,0,0,76554.57061799825,0.0
Risk-Penalized A*,Sydney_2_1024.map,1057,169000,1,0,1646.802620991366,0.0
Risk-Penalized Dijkstra,Sydney_2_1024.map,1057,748270,1,0,5164.827038010117,0.0
Risk-Penalized Greedy,Sydney_2_1024.map,1319,18850,1,0,73.95941100548953,50.0
BFS,Sydney_2_1024.map,1057,751081,1,0,2164.237437013071,2263.0
DFS,Sydney_2_1024.map,41401,225952,1,0,511.5476350183599,8272.0
Dijkstra,Sydney_2_1024.map,1057,750438,1,0,4315.6289079925045,2263.0
Greedy,Sydney_2_1024.map,1315,18329,1,0,70.08993500494398,2904.0
ZEN,Berlin_2_512.map,784,3649,1,0,43.83110400522128,294.0
A*,Berlin_2_512.map,784,45181,1,0,332.9655949783046,2851.0
Weighted A*,Berlin_2_512.map,818,4171,1,0,34.74461901350878,2935.0
Chance-Constrained A*,Berlin_2_512.map,0,1048577,0,0,17532.56900899578,0.0
CVaR A*,Berlin_2_512.map,0,1048577,0,0,11903.128156001912,0.0
Risk-Penalized A*,Berlin_2_512.map,788,41481,1,0,203.0181529989932,0.0
Risk-Penalized Dijkstra,Berlin_2_512.map,788,184864,1,0,900.9171460056676,0.0
Risk-Penalized Greedy,Berlin_2_512.map,920,3488,1,0,17.330800008494407,396.0
BFS,Berlin_2_512.map,784,184937,1,0,403.3225500024855,2597.0
DFS,Berlin_2_512.map,19740,66716,1,0,102.50929300673306,7823.0
Dijkstra,Berlin_2_512.map,784,184913,1,0,794.6054500062019,2851.0
Greedy,Berlin_2_512.map,936,3442,1,0,11.612394009716809,4036.0
ZEN,Berlin_1_1024.map,1300,11185,1,0,159.83739000512287,9.0
A*,Berlin_1_1024.map,1300,166885,1,0,1394.838766020257,5713.0
Weighted A*,Berlin_1_1024.map,1398,14280,1,0,130.41669002268463,5371.0
Chance-Constrained A*,Berlin_1_1024.map,0,4194305,0,0,92282.78643300293,0.0
CVaR A*,Berlin_1_1024.map,0,4194305,0,0,92394.24054897972,0.0
Risk-Penalized A*,Berlin_1_1024.map,1300,109410,1,0,1042.95945802005,9.0
Risk-Penalized Dijkstra,Berlin_1_1024.map,1300,762391,1,0,7884.02996500372,9.0
Risk-Penalized Greedy,Berlin_1_1024.map,1576,6131,1,0,44.1464509931393,400.0
BFS,Berlin_1_1024.map,1300,763679,1,0,3157.1778650104534,5713.0
DFS,Berlin_1_1024.map,59068,450661,1,0,1928.431312000612,26635.0
Dijkstra,Berlin_1_1024.map,1300,763426,1,0,6505.429983983049,5713.0
Greedy,Berlin_1_1024.map,1568,5815,1,0,37.07568498793989,7270.0
ZEN,Paris_2_256.map,311,4097,1,0,33.16222099238075,6.0
A*,Paris_2_256.map,311,8735,1,0,53.8857170031406,1426.0
Weighted A*,Paris_2_256.map,325,750,1,0,6.09232799615711,1426.0
Chance-Constrained A*,Paris_2_256.map,0,262145,0,0,3809.256209002342,0.0
CVaR A*,Paris_2_256.map,0,262145,0,0,4181.8494200124405,0.0
Risk-Penalized A*,Paris_2_256.map,311,4938,1,0,38.12312401714735,6.0
Risk-Penalized Dijkstra,Paris_2_256.map,311,38393,1,0,279.0437950170599,6.0
Risk-Penalized Greedy,Paris_2_256.map,349,378,1,0,3.6526310141198337,185.0
BFS,Paris_2_256.map,311,41038,1,0,139.32580599794164,1617.0
DFS,Paris_2_256.map,5699,46648,1,0,137.10400700801983,9236.0
Dijkstra,Paris_2_256.map,311,40990,1,0,209.87264800351116,1426.0
Greedy,Paris_2_256.map,405,448,1,0,3.3906940079759806,2324.0
ZEN,Shanghai_1_512.map,816,10126,1,0,137.03617799910717,0.0
A*,Shanghai_1_512.map,816,97461,1,0,728.7029529979918,3443.0
Weighted A*,Shanghai_1_512.map,874,12201,1,0,98.02840600605124,3465.0
Chance-Constrained A*,Shanghai_1_512.map,0,1048577,0,0,14311.03243600228,0.0
CVaR A*,Shanghai_1_512.map,0,1048577,0,0,14384.0835459996,0.0
Risk-Penalized A*,Shanghai_1_512.map,816,85063,1,0,771.3456440251321,0.0
Risk-Penalized Dijkstra,Shanghai_1_512.map,816,195498,1,0,1780.6877569819335,0.0
Risk-Penalized Greedy,Shanghai_1_512.map,958,4304,1,0,31.588771002134308,184.0
BFS,Shanghai_1_512.map,816,195598,1,0,806.9406769936904,3443.0
DFS,Shanghai_1_512.map,21884,91202,1,0,316.1604559863917,16624.0
Dijkstra,Shanghai_1_512.map,816,195548,1,0,1445.2406739874275,3443.0
Greedy,Shanghai_1_512.map,956,4164,1,0,26.415280008222908,3602.0
ZEN,London_0_1024.map,1631,429169,1,0,9004.954575008014,2440.0
A*,London_0_1024.map,1631,429194,1,0,3906.247486011125,5383.0
Weighted A*,London_0_1024.map,1823,331486,1,0,3904.11388600478,7082.0
Chance-Constrained A*,London_0_1024.map,0,4194305,0,0,313120.64514597296,0.0
CVaR A*,London_0_1024.map,0,4194305,0,0,87967.85649700905,0.0
Risk-Penalized A*,London_0_1024.map,1663,613259,1,0,4006.8286519963294,418.0
Risk-Penalized Dijkstra,London_0_1024.map,1663,756919,1,0,4624.9616840214,418.0
Risk-Penalized Greedy,London_0_1024.map,2989,152352,1,0,644.6940140158404,2664.0
BFS,London_0_1024.map,1631,745611,1,0,1935.19920198014,5581.0
DFS,London_0_1024.map,20123,91517,1,0,162.2007609985303,26825.0
Dijkstra,London_0_1024.map,1631,745416,1,0,3908.440820989199,5383.0
Greedy,London_0_1024.map,3247,151040,1,0,1008.1296440039296,14191.0
ZEN,Berlin_1_512.map,679,7624,1,0,235.8112949877977,0.0
A*,Berlin_1_512.map,679,52584,1,0,365.3079929936212,2388.0
Weighted A*,Berlin_1_512.map,751,8471,1,0,69.48914800886996,2703.0
Chance-Constrained A*,Berlin_1_512.map,0,1048577,0,0,18410.72015001555,0.0
CVaR A*,Berlin_1_512.map,0,1048577,0,0,21125.404591992265,0.0
Risk-Penalized A*,Berlin_1_512.map,679,44388,1,0,367.3342309775762,0.0
Risk-Penalized Dijkstra,Berlin_1_512.map,679,195039,1,0,1026.0140479949769,0.0
Risk-Penalized Greedy,Berlin_1_512.map,1035,8457,1,0,30.92987701529637,588.0
BFS,Berlin_1_512.map,679,195250,1,0,429.1567539912649,2388.0
DFS,Berlin_1_512.map,10367,28914,1,0,39.46178199839778,14717.0
Dijkstra,Berlin_1_512.map,679,195171,1,0,1327.064862998668,2388.0
Greedy,Berlin_1_512.map,1151,8248,1,0,53.00521699246019,6184.0
ZEN,Shanghai_0_256.map,339,18331,1,0,150.71614700718783,247.0
A*,Shanghai_0_256.map,339,18513,1,0,74.74739701137878,739.0
Weighted A*,Shanghai_0_256.map,341,706,1,0,2.6401689974591136,681.0
Chance-Constrained A*,Shanghai_0_256.map,0,262145,0,0,2434.1779780224897,0.0
CVaR A*,Shanghai_0_256.map,0,262145,0,0,2458.7619329977315,0.0
Risk-Penalized A*,Shanghai_0_256.map,345,18411,1,0,75.6600390013773,0.0
Risk-Penalized Dijkstra,Shanghai_0_256.map,345,46686,1,0,181.8173490173649,0.0
Risk-Penalized Greedy,Shanghai_0_256.map,343,343,1,0,1.5765230054967103,64.0
BFS,Shanghai_0_256.map,339,47241,1,0,76.71215801383369,830.0
DFS,Shanghai_0_256.map,8609,31483,1,0,38.35834699566476,7046.0
Dijkstra,Shanghai_0_256.map,339,47175,1,0,141.29483699798584,762.0
Greedy,Shanghai_0_256.map,341,341,1,0,1.304475998040289,681.0
ZEN,Shanghai_1_256.map,317,2853,1,0,23.73344197985716,46.0
A*,Shanghai_1_256.map,317,8170,1,0,33.0405900022015,832.0
Weighted A*,Shanghai_1_256.map,321,322,1,0,2.5782700104173277,855.0
Chance-Constrained A*,Shanghai_1_256.map,0,262145,0,0,2779.032225982519,0.0
CVaR A*,Shanghai_1_256.map,0,262145,0,0,3541.7239109810907,0.0
Risk-Penalized A*,Shanghai_1_256.map,319,8596,1,0,64.53623998095281,32.0
Risk-Penalized Dijkstra,Shanghai_1_256.map,319,46002,1,0,335.8417149866,32.0
Risk-Penalized Greedy,Shanghai_1_256.map,321,341,1,0,2.8305960004217923,901.0
BFS,Shanghai_1_256.map,317,45632,1,0,145.45994199579582,832.0
DFS,Shanghai_1_256.map,3205,6993,1,0,14.414816978387536,5547.0
Dijkstra,Shanghai_1_256.map,317,45576,1,0,244.2680960230064,832.0
Greedy,Shanghai_1_256.map,321,322,1,0,2.452448010444641,855.0
ZEN,Boston_1_512.map,382,6509,1,0,34.02685598121025,172.0
A*,Boston_1_512.map,382,6559,1,0,23.452613007975746,339.0
Weighted A*,Boston_1_512.map,386,706,1,0,3.0843379790894687,404.0
Chance-Constrained A*,Boston_1_512.map,0,1048577,0,0,12066.433202009648,0.0
CVaR A*,Boston_1_512.map,0,1048577,0,0,13601.944995985832,0.0
Risk-Penalized A*,Boston_1_512.map,386,7219,1,0,54.73026700201444,1.0
Risk-Penalized Dijkstra,Boston_1_512.map,386,143333,1,0,1244.042576989159,1.0
Risk-Penalized Greedy,Boston_1_512.map,388,394,1,0,3.936943016014993,92.0
BFS,Boston_1_512.map,382,143627,1,0,604.69102699426,193.0
DFS,Boston_1_512.map,466,1279,1,0,2.701971010537818,357.0
Dijkstra,Boston_1_512.map,382,142953,1,0,1013.9141220133752,339.0
Greedy,Boston_1_512.map,388,391,1,0,2.9694179829675704,420.0
ZEN,London_2_512.map,799,98797,1,0,988.1275209772866,482.0
A*,London_2_512.map,799,99471,1,0,783.2104710105341,3659.0
Weighted A*,London_2_512.map,861,10877,1,0,91.78912700735964,4350.0
Chance-Constrained A*,London_2_512.map,0,1048577,0,0,17463.96140701836,0.0
CVaR A*,London_2_512.map,0,1048577,0,0,15207.457348995376,0.0
Risk-Penalized A*,London_2_512.map,813,93229,1,0,488.57466800836846,0.0
Risk-Penalized Dijkstra,London_2_512.map,813,180453,1,0,1017.9038940113968,0.0
Risk-Penalized Greedy,London_2_512.map,831,1514,1,0,6.399729987606406,232.0
BFS,London_2_512.map,799,184380,1,0,389.2356370051857,3074.0
DFS,London_2_512.map,14125,82978,1,0,158.21444999892265,27221.0
Dijkstra,London_2_512.map,799,184057,1,0,728.9011240063701,3659.0
Greedy,London_2_512.map,877,1535,1,0,5.493555014254525,4443.0
ZEN,Boston_1_256.map,311,14081,1,0,130.2832649962511,41.0
A*,Boston_1_256.map,311,14338,1,0,73.38996898033656,1129.0
Weighted A*,Boston_1_256.map,315,412,1,0,3.511029004584998,974.0
Chance-Constrained A*,Boston_1_256.map,0,262145,0,0,2736.5159379842225,0.0
CVaR A*,Boston_1_256.map,0,262145,0,0,2702.1199640003038,0.0
Risk-Penalized A*,Boston_1_256.map,315,11556,1,0,61.50230098864995,0.0
Risk-Penalized Dijkstra,Boston_1_256.map,315,47155,1,0,239.584166003624,0.0
Risk-Penalized Greedy,Boston_1_256.map,317,317,1,0,3.1206389830913395,134.0
BFS,Boston_1_256.map,311,47772,1,0,100.4999169963412,918.0
DFS,Boston_1_256.map,3745,21075,1,0,28.773577010724694,4981.0
Dijkstra,Boston_1_256.map,311,47741,1,0,168.73197501990944,892.0
Greedy,Boston_1_256.map,341,370,1,0,1.3658110110554844,998.0
